"Path ID","Unique ID","Rule ID","Left","Right"
"1","TRS_0_0_0_0","RR-02-0fa988710f61cc6c-16-F","1.MNXM13:1.MNXM192:1.MNXM960","1.TARGET_0000000001"
"2","TRS_0_0_1_0","RR-02-91ec6117017f6b38-16-F","1.MNXM1104266:1.MNXM353","1.TARGET_0000000001"
"3","TRS_0_0_2_0","RR-02-b5d69cb82a0cbef6-16-F","1.MNXM1275:1.MNXM26","1.TARGET_0000000001"
"4","TRS_0_0_3_0","RR-02-9cb19d5f7d0baf87-16-F","1.MNXM123:1.MNXM26","1.TARGET_0000000001"
"5","TRS_0_0_4_0","RR-02-ed6ef7dca86a88fd-16-F","1.MNXM26:1.MNXM319","1.TARGET_0000000001"
"6","TRS_0_0_5_0","RR-02-8aa509e8203cfa4e-16-F,RR-02-e36404262efe554a-16-F","1.CMPD_0000000011:1.MNXM26","1.TARGET_0000000001"
"6","TRS_0_1_0_0","RR-02-9e27aa1ef54eeeaf-16-F","1.CMPD_0000000014:1.MNXM159:1.MNXM729302","1.CMPD_0000000011"
"6","TRS_0_2_29_0","RR-02-95f6aa357bb05915-16-F","1.MNXM418:1.MNXM741485","1.CMPD_0000000014"
"7","TRS_0_0_5_0","RR-02-8aa509e8203cfa4e-16-F,RR-02-e36404262efe554a-16-F","1.CMPD_0000000011:1.MNXM26","1.TARGET_0000000001"
"7","TRS_0_1_0_0","RR-02-9e27aa1ef54eeeaf-16-F","1.CMPD_0000000014:1.MNXM159:1.MNXM729302","1.CMPD_0000000011"
"7","TRS_0_2_30_0","RR-02-5d522d4df59d9428-16-F,RR-02-d61f39fd3b716ecf-16-F","1.MNXM1105731:1.MNXM741485","1.CMPD_0000000014"
"8","TRS_0_0_5_0","RR-02-8aa509e8203cfa4e-16-F,RR-02-e36404262efe554a-16-F","1.CMPD_0000000011:1.MNXM26","1.TARGET_0000000001"
"8","TRS_0_1_4_0","RR-02-4e08db20449ba8f5-16-F,RR-02-4ff987f02f5b95b5-16-F","1.CMPD_0000000014:1.MNXM1334","1.CMPD_0000000011"
"8","TRS_0_2_29_0","RR-02-95f6aa357bb05915-16-F","1.MNXM418:1.MNXM741485","1.CMPD_0000000014"
"9","TRS_0_0_5_0","RR-02-8aa509e8203cfa4e-16-F,RR-02-e36404262efe554a-16-F","1.CMPD_0000000011:1.MNXM26","1.TARGET_0000000001"
"9","TRS_0_1_4_0","RR-02-4e08db20449ba8f5-16-F,RR-02-4ff987f02f5b95b5-16-F","1.CMPD_0000000014:1.MNXM1334","1.CMPD_0000000011"
"9","TRS_0_2_30_0","RR-02-5d522d4df59d9428-16-F,RR-02-d61f39fd3b716ecf-16-F","1.MNXM1105731:1.MNXM741485","1.CMPD_0000000014"
"10","TRS_0_0_5_0","RR-02-8aa509e8203cfa4e-16-F,RR-02-e36404262efe554a-16-F","1.CMPD_0000000011:1.MNXM26","1.TARGET_0000000001"
"10","TRS_0_1_6_0","RR-02-5fba12e4ae407331-16-F","1.CMPD_0000000014:1.MNXM820","1.CMPD_0000000011"
"10","TRS_0_2_29_0","RR-02-95f6aa357bb05915-16-F","1.MNXM418:1.MNXM741485","1.CMPD_0000000014"
"11","TRS_0_0_5_0","RR-02-8aa509e8203cfa4e-16-F,RR-02-e36404262efe554a-16-F","1.CMPD_0000000011:1.MNXM26","1.TARGET_0000000001"
"11","TRS_0_1_6_0","RR-02-5fba12e4ae407331-16-F","1.CMPD_0000000014:1.MNXM820","1.CMPD_0000000011"
"11","TRS_0_2_30_0","RR-02-5d522d4df59d9428-16-F,RR-02-d61f39fd3b716ecf-16-F","1.MNXM1105731:1.MNXM741485","1.CMPD_0000000014"
"12","TRS_0_0_5_0","RR-02-8aa509e8203cfa4e-16-F,RR-02-e36404262efe554a-16-F","1.CMPD_0000000011:1.MNXM26","1.TARGET_0000000001"
"12","TRS_0_1_0_0","RR-02-9e27aa1ef54eeeaf-16-F","1.CMPD_0000000014:1.MNXM159:1.MNXM729302","1.CMPD_0000000011"
"12","TRS_0_2_27_0","RR-02-f1db99cbbf9d18e9-16-F","1.CMPD_0000000031:1.MNXM1","1.CMPD_0000000014"
"12","TRS_0_3_65_0","RR-02-9015d35962c0f877-16-F","1.CMPD_0000000039:1.MNXM23:1.MNXM729302","1.CMPD_0000000031"
"12","TRS_0_4_217_0","RR-02-fad25e6f338e6155-16-F","1.MNXM1102072:1.MNXM741485","1.CMPD_0000000039"
"13","TRS_0_0_5_0","RR-02-8aa509e8203cfa4e-16-F,RR-02-e36404262efe554a-16-F","1.CMPD_0000000011:1.MNXM26","1.TARGET_0000000001"
"13","TRS_0_1_0_0","RR-02-9e27aa1ef54eeeaf-16-F","1.CMPD_0000000014:1.MNXM159:1.MNXM729302","1.CMPD_0000000011"
"13","TRS_0_2_27_0","RR-02-f1db99cbbf9d18e9-16-F","1.CMPD_0000000031:1.MNXM1","1.CMPD_0000000014"
"13","TRS_0_3_65_0","RR-02-9015d35962c0f877-16-F","1.CMPD_0000000039:1.MNXM23:1.MNXM729302","1.CMPD_0000000031"
"13","TRS_0_4_220_0","RR-02-818f9be6f685c457-16-F","1.MNXM729799:1.MNXM741485","1.CMPD_0000000039"
"14","TRS_0_0_5_0","RR-02-8aa509e8203cfa4e-16-F,RR-02-e36404262efe554a-16-F","1.CMPD_0000000011:1.MNXM26","1.TARGET_0000000001"
"14","TRS_0_1_4_0","RR-02-4e08db20449ba8f5-16-F,RR-02-4ff987f02f5b95b5-16-F","1.CMPD_0000000014:1.MNXM1334","1.CMPD_0000000011"
"14","TRS_0_2_27_0","RR-02-f1db99cbbf9d18e9-16-F","1.CMPD_0000000031:1.MNXM1","1.CMPD_0000000014"
"14","TRS_0_3_65_0","RR-02-9015d35962c0f877-16-F","1.CMPD_0000000039:1.MNXM23:1.MNXM729302","1.CMPD_0000000031"
"14","TRS_0_4_217_0","RR-02-fad25e6f338e6155-16-F","1.MNXM1102072:1.MNXM741485","1.CMPD_0000000039"
"15","TRS_0_0_5_0","RR-02-8aa509e8203cfa4e-16-F,RR-02-e36404262efe554a-16-F","1.CMPD_0000000011:1.MNXM26","1.TARGET_0000000001"
"15","TRS_0_1_4_0","RR-02-4e08db20449ba8f5-16-F,RR-02-4ff987f02f5b95b5-16-F","1.CMPD_0000000014:1.MNXM1334","1.CMPD_0000000011"
"15","TRS_0_2_27_0","RR-02-f1db99cbbf9d18e9-16-F","1.CMPD_0000000031:1.MNXM1","1.CMPD_0000000014"
"15","TRS_0_3_65_0","RR-02-9015d35962c0f877-16-F","1.CMPD_0000000039:1.MNXM23:1.MNXM729302","1.CMPD_0000000031"
"15","TRS_0_4_220_0","RR-02-818f9be6f685c457-16-F","1.MNXM729799:1.MNXM741485","1.CMPD_0000000039"
"16","TRS_0_0_5_0","RR-02-8aa509e8203cfa4e-16-F,RR-02-e36404262efe554a-16-F","1.CMPD_0000000011:1.MNXM26","1.TARGET_0000000001"
"16","TRS_0_1_6_0","RR-02-5fba12e4ae407331-16-F","1.CMPD_0000000014:1.MNXM820","1.CMPD_0000000011"
"16","TRS_0_2_27_0","RR-02-f1db99cbbf9d18e9-16-F","1.CMPD_0000000031:1.MNXM1","1.CMPD_0000000014"
"16","TRS_0_3_65_0","RR-02-9015d35962c0f877-16-F","1.CMPD_0000000039:1.MNXM23:1.MNXM729302","1.CMPD_0000000031"
"16","TRS_0_4_217_0","RR-02-fad25e6f338e6155-16-F","1.MNXM1102072:1.MNXM741485","1.CMPD_0000000039"
"17","TRS_0_0_5_0","RR-02-8aa509e8203cfa4e-16-F,RR-02-e36404262efe554a-16-F","1.CMPD_0000000011:1.MNXM26","1.TARGET_0000000001"
"17","TRS_0_1_6_0","RR-02-5fba12e4ae407331-16-F","1.CMPD_0000000014:1.MNXM820","1.CMPD_0000000011"
"17","TRS_0_2_27_0","RR-02-f1db99cbbf9d18e9-16-F","1.CMPD_0000000031:1.MNXM1","1.CMPD_0000000014"
"17","TRS_0_3_65_0","RR-02-9015d35962c0f877-16-F","1.CMPD_0000000039:1.MNXM23:1.MNXM729302","1.CMPD_0000000031"
"17","TRS_0_4_220_0","RR-02-818f9be6f685c457-16-F","1.MNXM729799:1.MNXM741485","1.CMPD_0000000039"
"18","TRS_0_0_5_0","RR-02-8aa509e8203cfa4e-16-F,RR-02-e36404262efe554a-16-F","1.CMPD_0000000011:1.MNXM26","1.TARGET_0000000001"
"18","TRS_0_1_1_0","RR-02-ee205435d5fa5f08-16-F","1.CMPD_0000000016:1.MNXM23:1.MNXM729302","1.CMPD_0000000011"
"18","TRS_0_2_23_0","RR-02-41e4525ec9a98b84-16-F","1.CMPD_0000000028:1.MNXM1103936","1.CMPD_0000000016"
"18","TRS_0_3_33_0","RR-02-54a6324582be876b-16-F","1.CMPD_0000000039:1.MNXM159:1.MNXM729302","1.CMPD_0000000028"
"18","TRS_0_4_217_0","RR-02-fad25e6f338e6155-16-F","1.MNXM1102072:1.MNXM741485","1.CMPD_0000000039"
"19","TRS_0_0_5_0","RR-02-8aa509e8203cfa4e-16-F,RR-02-e36404262efe554a-16-F","1.CMPD_0000000011:1.MNXM26","1.TARGET_0000000001"
"19","TRS_0_1_1_0","RR-02-ee205435d5fa5f08-16-F","1.CMPD_0000000016:1.MNXM23:1.MNXM729302","1.CMPD_0000000011"
"19","TRS_0_2_23_0","RR-02-41e4525ec9a98b84-16-F","1.CMPD_0000000028:1.MNXM1103936","1.CMPD_0000000016"
"19","TRS_0_3_33_0","RR-02-54a6324582be876b-16-F","1.CMPD_0000000039:1.MNXM159:1.MNXM729302","1.CMPD_0000000028"
"19","TRS_0_4_220_0","RR-02-818f9be6f685c457-16-F","1.MNXM729799:1.MNXM741485","1.CMPD_0000000039"
"20","TRS_0_0_5_0","RR-02-8aa509e8203cfa4e-16-F,RR-02-e36404262efe554a-16-F","1.CMPD_0000000011:1.MNXM26","1.TARGET_0000000001"
"20","TRS_0_1_5_0","RR-02-bcc50624f087fa23-16-F","1.CMPD_0000000016:1.MNXM694","1.CMPD_0000000011"
"20","TRS_0_2_23_0","RR-02-41e4525ec9a98b84-16-F","1.CMPD_0000000028:1.MNXM1103936","1.CMPD_0000000016"
"20","TRS_0_3_33_0","RR-02-54a6324582be876b-16-F","1.CMPD_0000000039:1.MNXM159:1.MNXM729302","1.CMPD_0000000028"
"20","TRS_0_4_217_0","RR-02-fad25e6f338e6155-16-F","1.MNXM1102072:1.MNXM741485","1.CMPD_0000000039"
"21","TRS_0_0_5_0","RR-02-8aa509e8203cfa4e-16-F,RR-02-e36404262efe554a-16-F","1.CMPD_0000000011:1.MNXM26","1.TARGET_0000000001"
"21","TRS_0_1_5_0","RR-02-bcc50624f087fa23-16-F","1.CMPD_0000000016:1.MNXM694","1.CMPD_0000000011"
"21","TRS_0_2_23_0","RR-02-41e4525ec9a98b84-16-F","1.CMPD_0000000028:1.MNXM1103936","1.CMPD_0000000016"
"21","TRS_0_3_33_0","RR-02-54a6324582be876b-16-F","1.CMPD_0000000039:1.MNXM159:1.MNXM729302","1.CMPD_0000000028"
"21","TRS_0_4_220_0","RR-02-818f9be6f685c457-16-F","1.MNXM729799:1.MNXM741485","1.CMPD_0000000039"
"22","TRS_0_0_5_0","RR-02-8aa509e8203cfa4e-16-F,RR-02-e36404262efe554a-16-F","1.CMPD_0000000011:1.MNXM26","1.TARGET_0000000001"
"22","TRS_0_1_2_0","RR-02-b447d0f56175ac46-16-F","1.CMPD_0000000016:1.CMPD_0000000017","1.CMPD_0000000011"
"22","TRS_0_2_0_0","RR-02-3f38de5a2a0b77f2-16-F","1.MNXM23:1.MNXM729302","1.CMPD_0000000017"
"22","TRS_0_2_23_0","RR-02-41e4525ec9a98b84-16-F","1.CMPD_0000000028:1.MNXM1103936","1.CMPD_0000000016"
"22","TRS_0_3_33_0","RR-02-54a6324582be876b-16-F","1.CMPD_0000000039:1.MNXM159:1.MNXM729302","1.CMPD_0000000028"
"22","TRS_0_4_217_0","RR-02-fad25e6f338e6155-16-F","1.MNXM1102072:1.MNXM741485","1.CMPD_0000000039"
"23","TRS_0_0_5_0","RR-02-8aa509e8203cfa4e-16-F,RR-02-e36404262efe554a-16-F","1.CMPD_0000000011:1.MNXM26","1.TARGET_0000000001"
"23","TRS_0_1_2_0","RR-02-b447d0f56175ac46-16-F","1.CMPD_0000000016:1.CMPD_0000000017","1.CMPD_0000000011"
"23","TRS_0_2_0_0","RR-02-3f38de5a2a0b77f2-16-F","1.MNXM23:1.MNXM729302","1.CMPD_0000000017"
"23","TRS_0_2_23_0","RR-02-41e4525ec9a98b84-16-F","1.CMPD_0000000028:1.MNXM1103936","1.CMPD_0000000016"
"23","TRS_0_3_33_0","RR-02-54a6324582be876b-16-F","1.CMPD_0000000039:1.MNXM159:1.MNXM729302","1.CMPD_0000000028"
"23","TRS_0_4_220_0","RR-02-818f9be6f685c457-16-F","1.MNXM729799:1.MNXM741485","1.CMPD_0000000039"
"24","TRS_0_0_5_0","RR-02-8aa509e8203cfa4e-16-F,RR-02-e36404262efe554a-16-F","1.CMPD_0000000011:1.MNXM26","1.TARGET_0000000001"
"24","TRS_0_1_2_0","RR-02-b447d0f56175ac46-16-F","1.CMPD_0000000016:1.CMPD_0000000017","1.CMPD_0000000011"
"24","TRS_0_2_13_0","RR-02-a077e8fd4bcd9530-16-F","1.MNXM319","1.CMPD_0000000017"
"24","TRS_0_2_23_0","RR-02-41e4525ec9a98b84-16-F","1.CMPD_0000000028:1.MNXM1103936","1.CMPD_0000000016"
"24","TRS_0_3_33_0","RR-02-54a6324582be876b-16-F","1.CMPD_0000000039:1.MNXM159:1.MNXM729302","1.CMPD_0000000028"
"24","TRS_0_4_217_0","RR-02-fad25e6f338e6155-16-F","1.MNXM1102072:1.MNXM741485","1.CMPD_0000000039"
"25","TRS_0_0_5_0","RR-02-8aa509e8203cfa4e-16-F,RR-02-e36404262efe554a-16-F","1.CMPD_0000000011:1.MNXM26","1.TARGET_0000000001"
"25","TRS_0_1_2_0","RR-02-b447d0f56175ac46-16-F","1.CMPD_0000000016:1.CMPD_0000000017","1.CMPD_0000000011"
"25","TRS_0_2_13_0","RR-02-a077e8fd4bcd9530-16-F","1.MNXM319","1.CMPD_0000000017"
"25","TRS_0_2_23_0","RR-02-41e4525ec9a98b84-16-F","1.CMPD_0000000028:1.MNXM1103936","1.CMPD_0000000016"
"25","TRS_0_3_33_0","RR-02-54a6324582be876b-16-F","1.CMPD_0000000039:1.MNXM159:1.MNXM729302","1.CMPD_0000000028"
"25","TRS_0_4_220_0","RR-02-818f9be6f685c457-16-F","1.MNXM729799:1.MNXM741485","1.CMPD_0000000039"
"26","TRS_0_0_5_0","RR-02-8aa509e8203cfa4e-16-F,RR-02-e36404262efe554a-16-F","1.CMPD_0000000011:1.MNXM26","1.TARGET_0000000001"
"26","TRS_0_1_2_0","RR-02-b447d0f56175ac46-16-F","1.CMPD_0000000016:1.CMPD_0000000017","1.CMPD_0000000011"
"26","TRS_0_2_14_0","RR-02-fedaa5105ee8d246-16-F","1.MNXM927","1.CMPD_0000000017"
"26","TRS_0_2_23_0","RR-02-41e4525ec9a98b84-16-F","1.CMPD_0000000028:1.MNXM1103936","1.CMPD_0000000016"
"26","TRS_0_3_33_0","RR-02-54a6324582be876b-16-F","1.CMPD_0000000039:1.MNXM159:1.MNXM729302","1.CMPD_0000000028"
"26","TRS_0_4_217_0","RR-02-fad25e6f338e6155-16-F","1.MNXM1102072:1.MNXM741485","1.CMPD_0000000039"
"27","TRS_0_0_5_0","RR-02-8aa509e8203cfa4e-16-F,RR-02-e36404262efe554a-16-F","1.CMPD_0000000011:1.MNXM26","1.TARGET_0000000001"
"27","TRS_0_1_2_0","RR-02-b447d0f56175ac46-16-F","1.CMPD_0000000016:1.CMPD_0000000017","1.CMPD_0000000011"
"27","TRS_0_2_14_0","RR-02-fedaa5105ee8d246-16-F","1.MNXM927","1.CMPD_0000000017"
"27","TRS_0_2_23_0","RR-02-41e4525ec9a98b84-16-F","1.CMPD_0000000028:1.MNXM1103936","1.CMPD_0000000016"
"27","TRS_0_3_33_0","RR-02-54a6324582be876b-16-F","1.CMPD_0000000039:1.MNXM159:1.MNXM729302","1.CMPD_0000000028"
"27","TRS_0_4_220_0","RR-02-818f9be6f685c457-16-F","1.MNXM729799:1.MNXM741485","1.CMPD_0000000039"
"28","TRS_0_0_5_0","RR-02-8aa509e8203cfa4e-16-F,RR-02-e36404262efe554a-16-F","1.CMPD_0000000011:1.MNXM26","1.TARGET_0000000001"
"28","TRS_0_1_2_0","RR-02-b447d0f56175ac46-16-F","1.CMPD_0000000016:1.CMPD_0000000017","1.CMPD_0000000011"
"28","TRS_0_2_15_0","RR-02-6f706f932a7be63d-16-F","1.MNXM2112","1.CMPD_0000000017"
"28","TRS_0_2_23_0","RR-02-41e4525ec9a98b84-16-F","1.CMPD_0000000028:1.MNXM1103936","1.CMPD_0000000016"
"28","TRS_0_3_33_0","RR-02-54a6324582be876b-16-F","1.CMPD_0000000039:1.MNXM159:1.MNXM729302","1.CMPD_0000000028"
"28","TRS_0_4_217_0","RR-02-fad25e6f338e6155-16-F","1.MNXM1102072:1.MNXM741485","1.CMPD_0000000039"
"29","TRS_0_0_5_0","RR-02-8aa509e8203cfa4e-16-F,RR-02-e36404262efe554a-16-F","1.CMPD_0000000011:1.MNXM26","1.TARGET_0000000001"
"29","TRS_0_1_2_0","RR-02-b447d0f56175ac46-16-F","1.CMPD_0000000016:1.CMPD_0000000017","1.CMPD_0000000011"
"29","TRS_0_2_15_0","RR-02-6f706f932a7be63d-16-F","1.MNXM2112","1.CMPD_0000000017"
"29","TRS_0_2_23_0","RR-02-41e4525ec9a98b84-16-F","1.CMPD_0000000028:1.MNXM1103936","1.CMPD_0000000016"
"29","TRS_0_3_33_0","RR-02-54a6324582be876b-16-F","1.CMPD_0000000039:1.MNXM159:1.MNXM729302","1.CMPD_0000000028"
"29","TRS_0_4_220_0","RR-02-818f9be6f685c457-16-F","1.MNXM729799:1.MNXM741485","1.CMPD_0000000039"
"30","TRS_0_0_5_0","RR-02-8aa509e8203cfa4e-16-F,RR-02-e36404262efe554a-16-F","1.CMPD_0000000011:1.MNXM26","1.TARGET_0000000001"
"30","TRS_0_1_2_0","RR-02-b447d0f56175ac46-16-F","1.CMPD_0000000016:1.CMPD_0000000017","1.CMPD_0000000011"
"30","TRS_0_2_19_0","RR-02-3efe0d21e8950861-16-F","1.MNXM76","1.CMPD_0000000017"
"30","TRS_0_2_23_0","RR-02-41e4525ec9a98b84-16-F","1.CMPD_0000000028:1.MNXM1103936","1.CMPD_0000000016"
"30","TRS_0_3_33_0","RR-02-54a6324582be876b-16-F","1.CMPD_0000000039:1.MNXM159:1.MNXM729302","1.CMPD_0000000028"
"30","TRS_0_4_217_0","RR-02-fad25e6f338e6155-16-F","1.MNXM1102072:1.MNXM741485","1.CMPD_0000000039"
"31","TRS_0_0_5_0","RR-02-8aa509e8203cfa4e-16-F,RR-02-e36404262efe554a-16-F","1.CMPD_0000000011:1.MNXM26","1.TARGET_0000000001"
"31","TRS_0_1_2_0","RR-02-b447d0f56175ac46-16-F","1.CMPD_0000000016:1.CMPD_0000000017","1.CMPD_0000000011"
"31","TRS_0_2_19_0","RR-02-3efe0d21e8950861-16-F","1.MNXM76","1.CMPD_0000000017"
"31","TRS_0_2_23_0","RR-02-41e4525ec9a98b84-16-F","1.CMPD_0000000028:1.MNXM1103936","1.CMPD_0000000016"
"31","TRS_0_3_33_0","RR-02-54a6324582be876b-16-F","1.CMPD_0000000039:1.MNXM159:1.MNXM729302","1.CMPD_0000000028"
"31","TRS_0_4_220_0","RR-02-818f9be6f685c457-16-F","1.MNXM729799:1.MNXM741485","1.CMPD_0000000039"
"32","TRS_0_0_5_0","RR-02-8aa509e8203cfa4e-16-F,RR-02-e36404262efe554a-16-F","1.CMPD_0000000011:1.MNXM26","1.TARGET_0000000001"
"32","TRS_0_1_2_0","RR-02-b447d0f56175ac46-16-F","1.CMPD_0000000016:1.CMPD_0000000017","1.CMPD_0000000011"
"32","TRS_0_2_20_0","RR-02-00644e6ecc5dbcdc-16-F","1.MNXM741553","1.CMPD_0000000017"
"32","TRS_0_2_23_0","RR-02-41e4525ec9a98b84-16-F","1.CMPD_0000000028:1.MNXM1103936","1.CMPD_0000000016"
"32","TRS_0_3_33_0","RR-02-54a6324582be876b-16-F","1.CMPD_0000000039:1.MNXM159:1.MNXM729302","1.CMPD_0000000028"
"32","TRS_0_4_217_0","RR-02-fad25e6f338e6155-16-F","1.MNXM1102072:1.MNXM741485","1.CMPD_0000000039"
"33","TRS_0_0_5_0","RR-02-8aa509e8203cfa4e-16-F,RR-02-e36404262efe554a-16-F","1.CMPD_0000000011:1.MNXM26","1.TARGET_0000000001"
"33","TRS_0_1_2_0","RR-02-b447d0f56175ac46-16-F","1.CMPD_0000000016:1.CMPD_0000000017","1.CMPD_0000000011"
"33","TRS_0_2_20_0","RR-02-00644e6ecc5dbcdc-16-F","1.MNXM741553","1.CMPD_0000000017"
"33","TRS_0_2_23_0","RR-02-41e4525ec9a98b84-16-F","1.CMPD_0000000028:1.MNXM1103936","1.CMPD_0000000016"
"33","TRS_0_3_33_0","RR-02-54a6324582be876b-16-F","1.CMPD_0000000039:1.MNXM159:1.MNXM729302","1.CMPD_0000000028"
"33","TRS_0_4_220_0","RR-02-818f9be6f685c457-16-F","1.MNXM729799:1.MNXM741485","1.CMPD_0000000039"
"34","TRS_0_0_5_0","RR-02-8aa509e8203cfa4e-16-F,RR-02-e36404262efe554a-16-F","1.CMPD_0000000011:1.MNXM26","1.TARGET_0000000001"
"34","TRS_0_1_2_0","RR-02-b447d0f56175ac46-16-F","1.CMPD_0000000016:1.CMPD_0000000017","1.CMPD_0000000011"
"34","TRS_0_2_4_0","RR-02-2273ef0ef17e3e4e-16-F","1.MNXM694","1.CMPD_0000000017"
"34","TRS_0_2_23_0","RR-02-41e4525ec9a98b84-16-F","1.CMPD_0000000028:1.MNXM1103936","1.CMPD_0000000016"
"34","TRS_0_3_33_0","RR-02-54a6324582be876b-16-F","1.CMPD_0000000039:1.MNXM159:1.MNXM729302","1.CMPD_0000000028"
"34","TRS_0_4_217_0","RR-02-fad25e6f338e6155-16-F","1.MNXM1102072:1.MNXM741485","1.CMPD_0000000039"
"35","TRS_0_0_5_0","RR-02-8aa509e8203cfa4e-16-F,RR-02-e36404262efe554a-16-F","1.CMPD_0000000011:1.MNXM26","1.TARGET_0000000001"
"35","TRS_0_1_2_0","RR-02-b447d0f56175ac46-16-F","1.CMPD_0000000016:1.CMPD_0000000017","1.CMPD_0000000011"
"35","TRS_0_2_4_0","RR-02-2273ef0ef17e3e4e-16-F","1.MNXM694","1.CMPD_0000000017"
"35","TRS_0_2_23_0","RR-02-41e4525ec9a98b84-16-F","1.CMPD_0000000028:1.MNXM1103936","1.CMPD_0000000016"
"35","TRS_0_3_33_0","RR-02-54a6324582be876b-16-F","1.CMPD_0000000039:1.MNXM159:1.MNXM729302","1.CMPD_0000000028"
"35","TRS_0_4_220_0","RR-02-818f9be6f685c457-16-F","1.MNXM729799:1.MNXM741485","1.CMPD_0000000039"
"36","TRS_0_0_5_0","RR-02-8aa509e8203cfa4e-16-F,RR-02-e36404262efe554a-16-F","1.CMPD_0000000011:1.MNXM26","1.TARGET_0000000001"
"36","TRS_0_1_2_0","RR-02-b447d0f56175ac46-16-F","1.CMPD_0000000016:1.CMPD_0000000017","1.CMPD_0000000011"
"36","TRS_0_2_23_0","RR-02-41e4525ec9a98b84-16-F","1.CMPD_0000000028:1.MNXM1103936","1.CMPD_0000000016"
"36","TRS_0_2_5_0","RR-02-60d5d3c666b1a383-16-F,RR-02-94d0a6339107509a-16-F","1.CMPD_0000000036","1.CMPD_0000000017"
"36","TRS_0_3_33_0","RR-02-54a6324582be876b-16-F","1.CMPD_0000000039:1.MNXM159:1.MNXM729302","1.CMPD_0000000028"
"36","TRS_0_3_45_0","RR-02-0953a7e344b5b961-16-F","1.MNXM13:1.MNXM282","1.CMPD_0000000036"
"36","TRS_0_4_217_0","RR-02-fad25e6f338e6155-16-F","1.MNXM1102072:1.MNXM741485","1.CMPD_0000000039"
"37","TRS_0_0_5_0","RR-02-8aa509e8203cfa4e-16-F,RR-02-e36404262efe554a-16-F","1.CMPD_0000000011:1.MNXM26","1.TARGET_0000000001"
"37","TRS_0_1_2_0","RR-02-b447d0f56175ac46-16-F","1.CMPD_0000000016:1.CMPD_0000000017","1.CMPD_0000000011"
"37","TRS_0_2_23_0","RR-02-41e4525ec9a98b84-16-F","1.CMPD_0000000028:1.MNXM1103936","1.CMPD_0000000016"
"37","TRS_0_2_5_0","RR-02-60d5d3c666b1a383-16-F,RR-02-94d0a6339107509a-16-F","1.CMPD_0000000036","1.CMPD_0000000017"
"37","TRS_0_3_33_0","RR-02-54a6324582be876b-16-F","1.CMPD_0000000039:1.MNXM159:1.MNXM729302","1.CMPD_0000000028"
"37","TRS_0_3_45_0","RR-02-0953a7e344b5b961-16-F","1.MNXM13:1.MNXM282","1.CMPD_0000000036"
"37","TRS_0_4_220_0","RR-02-818f9be6f685c457-16-F","1.MNXM729799:1.MNXM741485","1.CMPD_0000000039"
"38","TRS_0_0_5_0","RR-02-8aa509e8203cfa4e-16-F,RR-02-e36404262efe554a-16-F","1.CMPD_0000000011:1.MNXM26","1.TARGET_0000000001"
"38","TRS_0_1_2_0","RR-02-b447d0f56175ac46-16-F","1.CMPD_0000000016:1.CMPD_0000000017","1.CMPD_0000000011"
"38","TRS_0_2_23_0","RR-02-41e4525ec9a98b84-16-F","1.CMPD_0000000028:1.MNXM1103936","1.CMPD_0000000016"
"38","TRS_0_2_5_0","RR-02-60d5d3c666b1a383-16-F,RR-02-94d0a6339107509a-16-F","1.CMPD_0000000036","1.CMPD_0000000017"
"38","TRS_0_3_33_0","RR-02-54a6324582be876b-16-F","1.CMPD_0000000039:1.MNXM159:1.MNXM729302","1.CMPD_0000000028"
"38","TRS_0_3_46_0","RR-02-f1757e1e8a92aa5e-16-F","1.MNXM1108288:1.MNXM735437","1.CMPD_0000000036"
"38","TRS_0_4_217_0","RR-02-fad25e6f338e6155-16-F","1.MNXM1102072:1.MNXM741485","1.CMPD_0000000039"
"39","TRS_0_0_5_0","RR-02-8aa509e8203cfa4e-16-F,RR-02-e36404262efe554a-16-F","1.CMPD_0000000011:1.MNXM26","1.TARGET_0000000001"
"39","TRS_0_1_2_0","RR-02-b447d0f56175ac46-16-F","1.CMPD_0000000016:1.CMPD_0000000017","1.CMPD_0000000011"
"39","TRS_0_2_23_0","RR-02-41e4525ec9a98b84-16-F","1.CMPD_0000000028:1.MNXM1103936","1.CMPD_0000000016"
"39","TRS_0_2_5_0","RR-02-60d5d3c666b1a383-16-F,RR-02-94d0a6339107509a-16-F","1.CMPD_0000000036","1.CMPD_0000000017"
"39","TRS_0_3_33_0","RR-02-54a6324582be876b-16-F","1.CMPD_0000000039:1.MNXM159:1.MNXM729302","1.CMPD_0000000028"
"39","TRS_0_3_46_0","RR-02-f1757e1e8a92aa5e-16-F","1.MNXM1108288:1.MNXM735437","1.CMPD_0000000036"
"39","TRS_0_4_220_0","RR-02-818f9be6f685c457-16-F","1.MNXM729799:1.MNXM741485","1.CMPD_0000000039"
"40","TRS_0_0_5_0","RR-02-8aa509e8203cfa4e-16-F,RR-02-e36404262efe554a-16-F","1.CMPD_0000000011:1.MNXM26","1.TARGET_0000000001"
"40","TRS_0_1_2_0","RR-02-b447d0f56175ac46-16-F","1.CMPD_0000000016:1.CMPD_0000000017","1.CMPD_0000000011"
"40","TRS_0_2_23_0","RR-02-41e4525ec9a98b84-16-F","1.CMPD_0000000028:1.MNXM1103936","1.CMPD_0000000016"
"40","TRS_0_2_5_0","RR-02-60d5d3c666b1a383-16-F,RR-02-94d0a6339107509a-16-F","1.CMPD_0000000036","1.CMPD_0000000017"
"40","TRS_0_3_33_0","RR-02-54a6324582be876b-16-F","1.CMPD_0000000039:1.MNXM159:1.MNXM729302","1.CMPD_0000000028"
"40","TRS_0_3_48_0","RR-02-16e1c71cc62727b4-16-F","1.MNXM23:1.MNXM726339:1.MNXM729302","1.CMPD_0000000036"
"40","TRS_0_4_217_0","RR-02-fad25e6f338e6155-16-F","1.MNXM1102072:1.MNXM741485","1.CMPD_0000000039"
"41","TRS_0_0_5_0","RR-02-8aa509e8203cfa4e-16-F,RR-02-e36404262efe554a-16-F","1.CMPD_0000000011:1.MNXM26","1.TARGET_0000000001"
"41","TRS_0_1_2_0","RR-02-b447d0f56175ac46-16-F","1.CMPD_0000000016:1.CMPD_0000000017","1.CMPD_0000000011"
"41","TRS_0_2_23_0","RR-02-41e4525ec9a98b84-16-F","1.CMPD_0000000028:1.MNXM1103936","1.CMPD_0000000016"
"41","TRS_0_2_5_0","RR-02-60d5d3c666b1a383-16-F,RR-02-94d0a6339107509a-16-F","1.CMPD_0000000036","1.CMPD_0000000017"
"41","TRS_0_3_33_0","RR-02-54a6324582be876b-16-F","1.CMPD_0000000039:1.MNXM159:1.MNXM729302","1.CMPD_0000000028"
"41","TRS_0_3_48_0","RR-02-16e1c71cc62727b4-16-F","1.MNXM23:1.MNXM726339:1.MNXM729302","1.CMPD_0000000036"
"41","TRS_0_4_220_0","RR-02-818f9be6f685c457-16-F","1.MNXM729799:1.MNXM741485","1.CMPD_0000000039"
"42","TRS_0_0_5_0","RR-02-8aa509e8203cfa4e-16-F,RR-02-e36404262efe554a-16-F","1.CMPD_0000000011:1.MNXM26","1.TARGET_0000000001"
"42","TRS_0_1_2_0","RR-02-b447d0f56175ac46-16-F","1.CMPD_0000000016:1.CMPD_0000000017","1.CMPD_0000000011"
"42","TRS_0_2_23_0","RR-02-41e4525ec9a98b84-16-F","1.CMPD_0000000028:1.MNXM1103936","1.CMPD_0000000016"
"42","TRS_0_2_5_0","RR-02-60d5d3c666b1a383-16-F,RR-02-94d0a6339107509a-16-F","1.CMPD_0000000036","1.CMPD_0000000017"
"42","TRS_0_3_33_0","RR-02-54a6324582be876b-16-F","1.CMPD_0000000039:1.MNXM159:1.MNXM729302","1.CMPD_0000000028"
"42","TRS_0_3_51_0","RR-02-b738a3ecaf49e6b9-16-F","1.MNXM1094062:1.MNXM726339","1.CMPD_0000000036"
"42","TRS_0_4_217_0","RR-02-fad25e6f338e6155-16-F","1.MNXM1102072:1.MNXM741485","1.CMPD_0000000039"
"43","TRS_0_0_5_0","RR-02-8aa509e8203cfa4e-16-F,RR-02-e36404262efe554a-16-F","1.CMPD_0000000011:1.MNXM26","1.TARGET_0000000001"
"43","TRS_0_1_2_0","RR-02-b447d0f56175ac46-16-F","1.CMPD_0000000016:1.CMPD_0000000017","1.CMPD_0000000011"
"43","TRS_0_2_23_0","RR-02-41e4525ec9a98b84-16-F","1.CMPD_0000000028:1.MNXM1103936","1.CMPD_0000000016"
"43","TRS_0_2_5_0","RR-02-60d5d3c666b1a383-16-F,RR-02-94d0a6339107509a-16-F","1.CMPD_0000000036","1.CMPD_0000000017"
"43","TRS_0_3_33_0","RR-02-54a6324582be876b-16-F","1.CMPD_0000000039:1.MNXM159:1.MNXM729302","1.CMPD_0000000028"
"43","TRS_0_3_51_0","RR-02-b738a3ecaf49e6b9-16-F","1.MNXM1094062:1.MNXM726339","1.CMPD_0000000036"
"43","TRS_0_4_220_0","RR-02-818f9be6f685c457-16-F","1.MNXM729799:1.MNXM741485","1.CMPD_0000000039"
"44","TRS_0_0_5_0","RR-02-8aa509e8203cfa4e-16-F,RR-02-e36404262efe554a-16-F","1.CMPD_0000000011:1.MNXM26","1.TARGET_0000000001"
"44","TRS_0_1_2_0","RR-02-b447d0f56175ac46-16-F","1.CMPD_0000000016:1.CMPD_0000000017","1.CMPD_0000000011"
"44","TRS_0_2_23_0","RR-02-41e4525ec9a98b84-16-F","1.CMPD_0000000028:1.MNXM1103936","1.CMPD_0000000016"
"44","TRS_0_2_5_0","RR-02-60d5d3c666b1a383-16-F,RR-02-94d0a6339107509a-16-F","1.CMPD_0000000036","1.CMPD_0000000017"
"44","TRS_0_3_33_0","RR-02-54a6324582be876b-16-F","1.CMPD_0000000039:1.MNXM159:1.MNXM729302","1.CMPD_0000000028"
"44","TRS_0_3_52_0","RR-02-96473f80ec202a80-16-F","1.MNXM02:1.MNXM1108288","1.CMPD_0000000036"
"44","TRS_0_4_217_0","RR-02-fad25e6f338e6155-16-F","1.MNXM1102072:1.MNXM741485","1.CMPD_0000000039"
"45","TRS_0_0_5_0","RR-02-8aa509e8203cfa4e-16-F,RR-02-e36404262efe554a-16-F","1.CMPD_0000000011:1.MNXM26","1.TARGET_0000000001"
"45","TRS_0_1_2_0","RR-02-b447d0f56175ac46-16-F","1.CMPD_0000000016:1.CMPD_0000000017","1.CMPD_0000000011"
"45","TRS_0_2_23_0","RR-02-41e4525ec9a98b84-16-F","1.CMPD_0000000028:1.MNXM1103936","1.CMPD_0000000016"
"45","TRS_0_2_5_0","RR-02-60d5d3c666b1a383-16-F,RR-02-94d0a6339107509a-16-F","1.CMPD_0000000036","1.CMPD_0000000017"
"45","TRS_0_3_33_0","RR-02-54a6324582be876b-16-F","1.CMPD_0000000039:1.MNXM159:1.MNXM729302","1.CMPD_0000000028"
"45","TRS_0_3_52_0","RR-02-96473f80ec202a80-16-F","1.MNXM02:1.MNXM1108288","1.CMPD_0000000036"
"45","TRS_0_4_220_0","RR-02-818f9be6f685c457-16-F","1.MNXM729799:1.MNXM741485","1.CMPD_0000000039"
"46","TRS_0_0_5_0","RR-02-8aa509e8203cfa4e-16-F,RR-02-e36404262efe554a-16-F","1.CMPD_0000000011:1.MNXM26","1.TARGET_0000000001"
"46","TRS_0_1_2_0","RR-02-b447d0f56175ac46-16-F","1.CMPD_0000000016:1.CMPD_0000000017","1.CMPD_0000000011"
"46","TRS_0_2_23_0","RR-02-41e4525ec9a98b84-16-F","1.CMPD_0000000028:1.MNXM1103936","1.CMPD_0000000016"
"46","TRS_0_2_5_0","RR-02-60d5d3c666b1a383-16-F,RR-02-94d0a6339107509a-16-F","1.CMPD_0000000036","1.CMPD_0000000017"
"46","TRS_0_3_33_0","RR-02-54a6324582be876b-16-F","1.CMPD_0000000039:1.MNXM159:1.MNXM729302","1.CMPD_0000000028"
"46","TRS_0_3_53_0","RR-02-b6b113657ee334a8-16-F","1.MNXM2112:1.MNXM726339","1.CMPD_0000000036"
"46","TRS_0_4_217_0","RR-02-fad25e6f338e6155-16-F","1.MNXM1102072:1.MNXM741485","1.CMPD_0000000039"
"47","TRS_0_0_5_0","RR-02-8aa509e8203cfa4e-16-F,RR-02-e36404262efe554a-16-F","1.CMPD_0000000011:1.MNXM26","1.TARGET_0000000001"
"47","TRS_0_1_2_0","RR-02-b447d0f56175ac46-16-F","1.CMPD_0000000016:1.CMPD_0000000017","1.CMPD_0000000011"
"47","TRS_0_2_23_0","RR-02-41e4525ec9a98b84-16-F","1.CMPD_0000000028:1.MNXM1103936","1.CMPD_0000000016"
"47","TRS_0_2_5_0","RR-02-60d5d3c666b1a383-16-F,RR-02-94d0a6339107509a-16-F","1.CMPD_0000000036","1.CMPD_0000000017"
"47","TRS_0_3_33_0","RR-02-54a6324582be876b-16-F","1.CMPD_0000000039:1.MNXM159:1.MNXM729302","1.CMPD_0000000028"
"47","TRS_0_3_53_0","RR-02-b6b113657ee334a8-16-F","1.MNXM2112:1.MNXM726339","1.CMPD_0000000036"
"47","TRS_0_4_220_0","RR-02-818f9be6f685c457-16-F","1.MNXM729799:1.MNXM741485","1.CMPD_0000000039"
"48","TRS_0_0_5_0","RR-02-8aa509e8203cfa4e-16-F,RR-02-e36404262efe554a-16-F","1.CMPD_0000000011:1.MNXM26","1.TARGET_0000000001"
"48","TRS_0_1_1_0","RR-02-ee205435d5fa5f08-16-F","1.CMPD_0000000016:1.MNXM23:1.MNXM729302","1.CMPD_0000000011"
"48","TRS_0_2_22_0","RR-02-2c5adf38018ea563-16-F","1.CMPD_0000000027:1.CMPD_0000000028","1.CMPD_0000000016"
"48","TRS_0_3_26_0","RR-02-020469d93c1a9a15-16-F,RR-02-c0ecd6669d521fb9-16-F","1.CMPD_0000000037:1.MNXM331","1.CMPD_0000000027"
"48","TRS_0_3_33_0","RR-02-54a6324582be876b-16-F","1.CMPD_0000000039:1.MNXM159:1.MNXM729302","1.CMPD_0000000028"
"48","TRS_0_4_136_0","RR-02-2c05286d9ea598c2-16-F,RR-02-cf289ac7cbd43984-16-F","1.MNXM1103936:1.MNXM331","1.CMPD_0000000037"
"48","TRS_0_4_217_0","RR-02-fad25e6f338e6155-16-F","1.MNXM1102072:1.MNXM741485","1.CMPD_0000000039"
"49","TRS_0_0_5_0","RR-02-8aa509e8203cfa4e-16-F,RR-02-e36404262efe554a-16-F","1.CMPD_0000000011:1.MNXM26","1.TARGET_0000000001"
"49","TRS_0_1_1_0","RR-02-ee205435d5fa5f08-16-F","1.CMPD_0000000016:1.MNXM23:1.MNXM729302","1.CMPD_0000000011"
"49","TRS_0_2_22_0","RR-02-2c5adf38018ea563-16-F","1.CMPD_0000000027:1.CMPD_0000000028","1.CMPD_0000000016"
"49","TRS_0_3_26_0","RR-02-020469d93c1a9a15-16-F,RR-02-c0ecd6669d521fb9-16-F","1.CMPD_0000000037:1.MNXM331","1.CMPD_0000000027"
"49","TRS_0_3_33_0","RR-02-54a6324582be876b-16-F","1.CMPD_0000000039:1.MNXM159:1.MNXM729302","1.CMPD_0000000028"
"49","TRS_0_4_136_0","RR-02-2c05286d9ea598c2-16-F,RR-02-cf289ac7cbd43984-16-F","1.MNXM1103936:1.MNXM331","1.CMPD_0000000037"
"49","TRS_0_4_220_0","RR-02-818f9be6f685c457-16-F","1.MNXM729799:1.MNXM741485","1.CMPD_0000000039"
"50","TRS_0_0_5_0","RR-02-8aa509e8203cfa4e-16-F,RR-02-e36404262efe554a-16-F","1.CMPD_0000000011:1.MNXM26","1.TARGET_0000000001"
"50","TRS_0_1_5_0","RR-02-bcc50624f087fa23-16-F","1.CMPD_0000000016:1.MNXM694","1.CMPD_0000000011"
"50","TRS_0_2_22_0","RR-02-2c5adf38018ea563-16-F","1.CMPD_0000000027:1.CMPD_0000000028","1.CMPD_0000000016"
"50","TRS_0_3_26_0","RR-02-020469d93c1a9a15-16-F,RR-02-c0ecd6669d521fb9-16-F","1.CMPD_0000000037:1.MNXM331","1.CMPD_0000000027"
"50","TRS_0_3_33_0","RR-02-54a6324582be876b-16-F","1.CMPD_0000000039:1.MNXM159:1.MNXM729302","1.CMPD_0000000028"
"50","TRS_0_4_136_0","RR-02-2c05286d9ea598c2-16-F,RR-02-cf289ac7cbd43984-16-F","1.MNXM1103936:1.MNXM331","1.CMPD_0000000037"
"50","TRS_0_4_217_0","RR-02-fad25e6f338e6155-16-F","1.MNXM1102072:1.MNXM741485","1.CMPD_0000000039"
"51","TRS_0_0_5_0","RR-02-8aa509e8203cfa4e-16-F,RR-02-e36404262efe554a-16-F","1.CMPD_0000000011:1.MNXM26","1.TARGET_0000000001"
"51","TRS_0_1_5_0","RR-02-bcc50624f087fa23-16-F","1.CMPD_0000000016:1.MNXM694","1.CMPD_0000000011"
"51","TRS_0_2_22_0","RR-02-2c5adf38018ea563-16-F","1.CMPD_0000000027:1.CMPD_0000000028","1.CMPD_0000000016"
"51","TRS_0_3_26_0","RR-02-020469d93c1a9a15-16-F,RR-02-c0ecd6669d521fb9-16-F","1.CMPD_0000000037:1.MNXM331","1.CMPD_0000000027"
"51","TRS_0_3_33_0","RR-02-54a6324582be876b-16-F","1.CMPD_0000000039:1.MNXM159:1.MNXM729302","1.CMPD_0000000028"
"51","TRS_0_4_136_0","RR-02-2c05286d9ea598c2-16-F,RR-02-cf289ac7cbd43984-16-F","1.MNXM1103936:1.MNXM331","1.CMPD_0000000037"
"51","TRS_0_4_220_0","RR-02-818f9be6f685c457-16-F","1.MNXM729799:1.MNXM741485","1.CMPD_0000000039"
"52","TRS_0_0_5_0","RR-02-8aa509e8203cfa4e-16-F,RR-02-e36404262efe554a-16-F","1.CMPD_0000000011:1.MNXM26","1.TARGET_0000000001"
"52","TRS_0_1_2_0","RR-02-b447d0f56175ac46-16-F","1.CMPD_0000000016:1.CMPD_0000000017","1.CMPD_0000000011"
"52","TRS_0_2_23_0","RR-02-41e4525ec9a98b84-16-F","1.CMPD_0000000028:1.MNXM1103936","1.CMPD_0000000016"
"52","TRS_0_2_3_0","RR-02-16ea84c5c88b2d70-16-F","1.CMPD_0000000034","1.CMPD_0000000017"
"52","TRS_0_3_33_0","RR-02-54a6324582be876b-16-F","1.CMPD_0000000039:1.MNXM159:1.MNXM729302","1.CMPD_0000000028"
"52","TRS_0_3_41_0","RR-02-69eb347e8695625a-16-F","1.MNXM23:1.MNXM729302:1.MNXM735978","1.CMPD_0000000034"
"52","TRS_0_4_217_0","RR-02-fad25e6f338e6155-16-F","1.MNXM1102072:1.MNXM741485","1.CMPD_0000000039"
"53","TRS_0_0_5_0","RR-02-8aa509e8203cfa4e-16-F,RR-02-e36404262efe554a-16-F","1.CMPD_0000000011:1.MNXM26","1.TARGET_0000000001"
"53","TRS_0_1_2_0","RR-02-b447d0f56175ac46-16-F","1.CMPD_0000000016:1.CMPD_0000000017","1.CMPD_0000000011"
"53","TRS_0_2_23_0","RR-02-41e4525ec9a98b84-16-F","1.CMPD_0000000028:1.MNXM1103936","1.CMPD_0000000016"
"53","TRS_0_2_3_0","RR-02-16ea84c5c88b2d70-16-F","1.CMPD_0000000034","1.CMPD_0000000017"
"53","TRS_0_3_33_0","RR-02-54a6324582be876b-16-F","1.CMPD_0000000039:1.MNXM159:1.MNXM729302","1.CMPD_0000000028"
"53","TRS_0_3_41_0","RR-02-69eb347e8695625a-16-F","1.MNXM23:1.MNXM729302:1.MNXM735978","1.CMPD_0000000034"
"53","TRS_0_4_220_0","RR-02-818f9be6f685c457-16-F","1.MNXM729799:1.MNXM741485","1.CMPD_0000000039"
"54","TRS_0_0_5_0","RR-02-8aa509e8203cfa4e-16-F,RR-02-e36404262efe554a-16-F","1.CMPD_0000000011:1.MNXM26","1.TARGET_0000000001"
"54","TRS_0_1_2_0","RR-02-b447d0f56175ac46-16-F","1.CMPD_0000000016:1.CMPD_0000000017","1.CMPD_0000000011"
"54","TRS_0_2_23_0","RR-02-41e4525ec9a98b84-16-F","1.CMPD_0000000028:1.MNXM1103936","1.CMPD_0000000016"
"54","TRS_0_2_3_0","RR-02-16ea84c5c88b2d70-16-F","1.CMPD_0000000034","1.CMPD_0000000017"
"54","TRS_0_3_33_0","RR-02-54a6324582be876b-16-F","1.CMPD_0000000039:1.MNXM159:1.MNXM729302","1.CMPD_0000000028"
"54","TRS_0_3_42_0","RR-02-7acab733b4c2cd2c-16-F","1.MNXM2112:1.MNXM735978","1.CMPD_0000000034"
"54","TRS_0_4_217_0","RR-02-fad25e6f338e6155-16-F","1.MNXM1102072:1.MNXM741485","1.CMPD_0000000039"
"55","TRS_0_0_5_0","RR-02-8aa509e8203cfa4e-16-F,RR-02-e36404262efe554a-16-F","1.CMPD_0000000011:1.MNXM26","1.TARGET_0000000001"
"55","TRS_0_1_2_0","RR-02-b447d0f56175ac46-16-F","1.CMPD_0000000016:1.CMPD_0000000017","1.CMPD_0000000011"
"55","TRS_0_2_23_0","RR-02-41e4525ec9a98b84-16-F","1.CMPD_0000000028:1.MNXM1103936","1.CMPD_0000000016"
"55","TRS_0_2_3_0","RR-02-16ea84c5c88b2d70-16-F","1.CMPD_0000000034","1.CMPD_0000000017"
"55","TRS_0_3_33_0","RR-02-54a6324582be876b-16-F","1.CMPD_0000000039:1.MNXM159:1.MNXM729302","1.CMPD_0000000028"
"55","TRS_0_3_42_0","RR-02-7acab733b4c2cd2c-16-F","1.MNXM2112:1.MNXM735978","1.CMPD_0000000034"
"55","TRS_0_4_220_0","RR-02-818f9be6f685c457-16-F","1.MNXM729799:1.MNXM741485","1.CMPD_0000000039"
"56","TRS_0_0_5_0","RR-02-8aa509e8203cfa4e-16-F,RR-02-e36404262efe554a-16-F","1.CMPD_0000000011:1.MNXM26","1.TARGET_0000000001"
"56","TRS_0_1_2_0","RR-02-b447d0f56175ac46-16-F","1.CMPD_0000000016:1.CMPD_0000000017","1.CMPD_0000000011"
"56","TRS_0_2_23_0","RR-02-41e4525ec9a98b84-16-F","1.CMPD_0000000028:1.MNXM1103936","1.CMPD_0000000016"
"56","TRS_0_2_3_0","RR-02-16ea84c5c88b2d70-16-F","1.CMPD_0000000034","1.CMPD_0000000017"
"56","TRS_0_3_33_0","RR-02-54a6324582be876b-16-F","1.CMPD_0000000039:1.MNXM159:1.MNXM729302","1.CMPD_0000000028"
"56","TRS_0_3_44_0","RR-02-388ba7460a56d19d-16-F","1.MNXM23:1.MNXM729302","1.CMPD_0000000034"
"56","TRS_0_4_217_0","RR-02-fad25e6f338e6155-16-F","1.MNXM1102072:1.MNXM741485","1.CMPD_0000000039"
"57","TRS_0_0_5_0","RR-02-8aa509e8203cfa4e-16-F,RR-02-e36404262efe554a-16-F","1.CMPD_0000000011:1.MNXM26","1.TARGET_0000000001"
"57","TRS_0_1_2_0","RR-02-b447d0f56175ac46-16-F","1.CMPD_0000000016:1.CMPD_0000000017","1.CMPD_0000000011"
"57","TRS_0_2_23_0","RR-02-41e4525ec9a98b84-16-F","1.CMPD_0000000028:1.MNXM1103936","1.CMPD_0000000016"
"57","TRS_0_2_3_0","RR-02-16ea84c5c88b2d70-16-F","1.CMPD_0000000034","1.CMPD_0000000017"
"57","TRS_0_3_33_0","RR-02-54a6324582be876b-16-F","1.CMPD_0000000039:1.MNXM159:1.MNXM729302","1.CMPD_0000000028"
"57","TRS_0_3_44_0","RR-02-388ba7460a56d19d-16-F","1.MNXM23:1.MNXM729302","1.CMPD_0000000034"
"57","TRS_0_4_220_0","RR-02-818f9be6f685c457-16-F","1.MNXM729799:1.MNXM741485","1.CMPD_0000000039"
"58","TRS_0_0_5_0","RR-02-8aa509e8203cfa4e-16-F,RR-02-e36404262efe554a-16-F","1.CMPD_0000000011:1.MNXM26","1.TARGET_0000000001"
"58","TRS_0_1_2_0","RR-02-b447d0f56175ac46-16-F","1.CMPD_0000000016:1.CMPD_0000000017","1.CMPD_0000000011"
"58","TRS_0_2_1_0","RR-02-86eb6d7da46f18b0-16-F","1.CMPD_0000000021","1.CMPD_0000000017"
"58","TRS_0_2_23_0","RR-02-41e4525ec9a98b84-16-F","1.CMPD_0000000028:1.MNXM1103936","1.CMPD_0000000016"
"58","TRS_0_3_0_0","RR-02-367ceff6ced9a013-16-F","1.MNXM23:1.MNXM729302","1.CMPD_0000000021"
"58","TRS_0_3_33_0","RR-02-54a6324582be876b-16-F","1.CMPD_0000000039:1.MNXM159:1.MNXM729302","1.CMPD_0000000028"
"58","TRS_0_4_217_0","RR-02-fad25e6f338e6155-16-F","1.MNXM1102072:1.MNXM741485","1.CMPD_0000000039"
"59","TRS_0_0_5_0","RR-02-8aa509e8203cfa4e-16-F,RR-02-e36404262efe554a-16-F","1.CMPD_0000000011:1.MNXM26","1.TARGET_0000000001"
"59","TRS_0_1_2_0","RR-02-b447d0f56175ac46-16-F","1.CMPD_0000000016:1.CMPD_0000000017","1.CMPD_0000000011"
"59","TRS_0_2_1_0","RR-02-86eb6d7da46f18b0-16-F","1.CMPD_0000000021","1.CMPD_0000000017"
"59","TRS_0_2_23_0","RR-02-41e4525ec9a98b84-16-F","1.CMPD_0000000028:1.MNXM1103936","1.CMPD_0000000016"
"59","TRS_0_3_0_0","RR-02-367ceff6ced9a013-16-F","1.MNXM23:1.MNXM729302","1.CMPD_0000000021"
"59","TRS_0_3_33_0","RR-02-54a6324582be876b-16-F","1.CMPD_0000000039:1.MNXM159:1.MNXM729302","1.CMPD_0000000028"
"59","TRS_0_4_220_0","RR-02-818f9be6f685c457-16-F","1.MNXM729799:1.MNXM741485","1.CMPD_0000000039"
"60","TRS_0_0_5_0","RR-02-8aa509e8203cfa4e-16-F,RR-02-e36404262efe554a-16-F","1.CMPD_0000000011:1.MNXM26","1.TARGET_0000000001"
"60","TRS_0_1_2_0","RR-02-b447d0f56175ac46-16-F","1.CMPD_0000000016:1.CMPD_0000000017","1.CMPD_0000000011"
"60","TRS_0_2_2_0","RR-02-696c42e0d62eaf30-16-F","1.CMPD_0000000025","1.CMPD_0000000017"
"60","TRS_0_2_23_0","RR-02-41e4525ec9a98b84-16-F","1.CMPD_0000000028:1.MNXM1103936","1.CMPD_0000000016"
"60","TRS_0_3_2_0","RR-02-cfc91e4d07fa55d6-16-F","1.MNXM13:1.MNXM23:2.MNXM729302","1.CMPD_0000000025"
"60","TRS_0_3_33_0","RR-02-54a6324582be876b-16-F","1.CMPD_0000000039:1.MNXM159:1.MNXM729302","1.CMPD_0000000028"
"60","TRS_0_4_217_0","RR-02-fad25e6f338e6155-16-F","1.MNXM1102072:1.MNXM741485","1.CMPD_0000000039"
"61","TRS_0_0_5_0","RR-02-8aa509e8203cfa4e-16-F,RR-02-e36404262efe554a-16-F","1.CMPD_0000000011:1.MNXM26","1.TARGET_0000000001"
"61","TRS_0_1_2_0","RR-02-b447d0f56175ac46-16-F","1.CMPD_0000000016:1.CMPD_0000000017","1.CMPD_0000000011"
"61","TRS_0_2_2_0","RR-02-696c42e0d62eaf30-16-F","1.CMPD_0000000025","1.CMPD_0000000017"
"61","TRS_0_2_23_0","RR-02-41e4525ec9a98b84-16-F","1.CMPD_0000000028:1.MNXM1103936","1.CMPD_0000000016"
"61","TRS_0_3_2_0","RR-02-cfc91e4d07fa55d6-16-F","1.MNXM13:1.MNXM23:2.MNXM729302","1.CMPD_0000000025"
"61","TRS_0_3_33_0","RR-02-54a6324582be876b-16-F","1.CMPD_0000000039:1.MNXM159:1.MNXM729302","1.CMPD_0000000028"
"61","TRS_0_4_220_0","RR-02-818f9be6f685c457-16-F","1.MNXM729799:1.MNXM741485","1.CMPD_0000000039"
"62","TRS_0_0_5_0","RR-02-8aa509e8203cfa4e-16-F,RR-02-e36404262efe554a-16-F","1.CMPD_0000000011:1.MNXM26","1.TARGET_0000000001"
"62","TRS_0_1_2_0","RR-02-b447d0f56175ac46-16-F","1.CMPD_0000000016:1.CMPD_0000000017","1.CMPD_0000000011"
"62","TRS_0_2_0_0","RR-02-3f38de5a2a0b77f2-16-F","1.MNXM23:1.MNXM729302","1.CMPD_0000000017"
"62","TRS_0_2_22_0","RR-02-2c5adf38018ea563-16-F","1.CMPD_0000000027:1.CMPD_0000000028","1.CMPD_0000000016"
"62","TRS_0_3_26_0","RR-02-020469d93c1a9a15-16-F,RR-02-c0ecd6669d521fb9-16-F","1.CMPD_0000000037:1.MNXM331","1.CMPD_0000000027"
"62","TRS_0_3_33_0","RR-02-54a6324582be876b-16-F","1.CMPD_0000000039:1.MNXM159:1.MNXM729302","1.CMPD_0000000028"
"62","TRS_0_4_136_0","RR-02-2c05286d9ea598c2-16-F,RR-02-cf289ac7cbd43984-16-F","1.MNXM1103936:1.MNXM331","1.CMPD_0000000037"
"62","TRS_0_4_217_0","RR-02-fad25e6f338e6155-16-F","1.MNXM1102072:1.MNXM741485","1.CMPD_0000000039"
"63","TRS_0_0_5_0","RR-02-8aa509e8203cfa4e-16-F,RR-02-e36404262efe554a-16-F","1.CMPD_0000000011:1.MNXM26","1.TARGET_0000000001"
"63","TRS_0_1_2_0","RR-02-b447d0f56175ac46-16-F","1.CMPD_0000000016:1.CMPD_0000000017","1.CMPD_0000000011"
"63","TRS_0_2_0_0","RR-02-3f38de5a2a0b77f2-16-F","1.MNXM23:1.MNXM729302","1.CMPD_0000000017"
"63","TRS_0_2_22_0","RR-02-2c5adf38018ea563-16-F","1.CMPD_0000000027:1.CMPD_0000000028","1.CMPD_0000000016"
"63","TRS_0_3_26_0","RR-02-020469d93c1a9a15-16-F,RR-02-c0ecd6669d521fb9-16-F","1.CMPD_0000000037:1.MNXM331","1.CMPD_0000000027"
"63","TRS_0_3_33_0","RR-02-54a6324582be876b-16-F","1.CMPD_0000000039:1.MNXM159:1.MNXM729302","1.CMPD_0000000028"
"63","TRS_0_4_136_0","RR-02-2c05286d9ea598c2-16-F,RR-02-cf289ac7cbd43984-16-F","1.MNXM1103936:1.MNXM331","1.CMPD_0000000037"
"63","TRS_0_4_220_0","RR-02-818f9be6f685c457-16-F","1.MNXM729799:1.MNXM741485","1.CMPD_0000000039"
"64","TRS_0_0_5_0","RR-02-8aa509e8203cfa4e-16-F,RR-02-e36404262efe554a-16-F","1.CMPD_0000000011:1.MNXM26","1.TARGET_0000000001"
"64","TRS_0_1_2_0","RR-02-b447d0f56175ac46-16-F","1.CMPD_0000000016:1.CMPD_0000000017","1.CMPD_0000000011"
"64","TRS_0_2_13_0","RR-02-a077e8fd4bcd9530-16-F","1.MNXM319","1.CMPD_0000000017"
"64","TRS_0_2_22_0","RR-02-2c5adf38018ea563-16-F","1.CMPD_0000000027:1.CMPD_0000000028","1.CMPD_0000000016"
"64","TRS_0_3_26_0","RR-02-020469d93c1a9a15-16-F,RR-02-c0ecd6669d521fb9-16-F","1.CMPD_0000000037:1.MNXM331","1.CMPD_0000000027"
"64","TRS_0_3_33_0","RR-02-54a6324582be876b-16-F","1.CMPD_0000000039:1.MNXM159:1.MNXM729302","1.CMPD_0000000028"
"64","TRS_0_4_136_0","RR-02-2c05286d9ea598c2-16-F,RR-02-cf289ac7cbd43984-16-F","1.MNXM1103936:1.MNXM331","1.CMPD_0000000037"
"64","TRS_0_4_217_0","RR-02-fad25e6f338e6155-16-F","1.MNXM1102072:1.MNXM741485","1.CMPD_0000000039"
"65","TRS_0_0_5_0","RR-02-8aa509e8203cfa4e-16-F,RR-02-e36404262efe554a-16-F","1.CMPD_0000000011:1.MNXM26","1.TARGET_0000000001"
"65","TRS_0_1_2_0","RR-02-b447d0f56175ac46-16-F","1.CMPD_0000000016:1.CMPD_0000000017","1.CMPD_0000000011"
"65","TRS_0_2_13_0","RR-02-a077e8fd4bcd9530-16-F","1.MNXM319","1.CMPD_0000000017"
"65","TRS_0_2_22_0","RR-02-2c5adf38018ea563-16-F","1.CMPD_0000000027:1.CMPD_0000000028","1.CMPD_0000000016"
"65","TRS_0_3_26_0","RR-02-020469d93c1a9a15-16-F,RR-02-c0ecd6669d521fb9-16-F","1.CMPD_0000000037:1.MNXM331","1.CMPD_0000000027"
"65","TRS_0_3_33_0","RR-02-54a6324582be876b-16-F","1.CMPD_0000000039:1.MNXM159:1.MNXM729302","1.CMPD_0000000028"
"65","TRS_0_4_136_0","RR-02-2c05286d9ea598c2-16-F,RR-02-cf289ac7cbd43984-16-F","1.MNXM1103936:1.MNXM331","1.CMPD_0000000037"
"65","TRS_0_4_220_0","RR-02-818f9be6f685c457-16-F","1.MNXM729799:1.MNXM741485","1.CMPD_0000000039"
"66","TRS_0_0_5_0","RR-02-8aa509e8203cfa4e-16-F,RR-02-e36404262efe554a-16-F","1.CMPD_0000000011:1.MNXM26","1.TARGET_0000000001"
"66","TRS_0_1_2_0","RR-02-b447d0f56175ac46-16-F","1.CMPD_0000000016:1.CMPD_0000000017","1.CMPD_0000000011"
"66","TRS_0_2_14_0","RR-02-fedaa5105ee8d246-16-F","1.MNXM927","1.CMPD_0000000017"
"66","TRS_0_2_22_0","RR-02-2c5adf38018ea563-16-F","1.CMPD_0000000027:1.CMPD_0000000028","1.CMPD_0000000016"
"66","TRS_0_3_26_0","RR-02-020469d93c1a9a15-16-F,RR-02-c0ecd6669d521fb9-16-F","1.CMPD_0000000037:1.MNXM331","1.CMPD_0000000027"
"66","TRS_0_3_33_0","RR-02-54a6324582be876b-16-F","1.CMPD_0000000039:1.MNXM159:1.MNXM729302","1.CMPD_0000000028"
"66","TRS_0_4_136_0","RR-02-2c05286d9ea598c2-16-F,RR-02-cf289ac7cbd43984-16-F","1.MNXM1103936:1.MNXM331","1.CMPD_0000000037"
"66","TRS_0_4_217_0","RR-02-fad25e6f338e6155-16-F","1.MNXM1102072:1.MNXM741485","1.CMPD_0000000039"
"67","TRS_0_0_5_0","RR-02-8aa509e8203cfa4e-16-F,RR-02-e36404262efe554a-16-F","1.CMPD_0000000011:1.MNXM26","1.TARGET_0000000001"
"67","TRS_0_1_2_0","RR-02-b447d0f56175ac46-16-F","1.CMPD_0000000016:1.CMPD_0000000017","1.CMPD_0000000011"
"67","TRS_0_2_14_0","RR-02-fedaa5105ee8d246-16-F","1.MNXM927","1.CMPD_0000000017"
"67","TRS_0_2_22_0","RR-02-2c5adf38018ea563-16-F","1.CMPD_0000000027:1.CMPD_0000000028","1.CMPD_0000000016"
"67","TRS_0_3_26_0","RR-02-020469d93c1a9a15-16-F,RR-02-c0ecd6669d521fb9-16-F","1.CMPD_0000000037:1.MNXM331","1.CMPD_0000000027"
"67","TRS_0_3_33_0","RR-02-54a6324582be876b-16-F","1.CMPD_0000000039:1.MNXM159:1.MNXM729302","1.CMPD_0000000028"
"67","TRS_0_4_136_0","RR-02-2c05286d9ea598c2-16-F,RR-02-cf289ac7cbd43984-16-F","1.MNXM1103936:1.MNXM331","1.CMPD_0000000037"
"67","TRS_0_4_220_0","RR-02-818f9be6f685c457-16-F","1.MNXM729799:1.MNXM741485","1.CMPD_0000000039"
"68","TRS_0_0_5_0","RR-02-8aa509e8203cfa4e-16-F,RR-02-e36404262efe554a-16-F","1.CMPD_0000000011:1.MNXM26","1.TARGET_0000000001"
"68","TRS_0_1_2_0","RR-02-b447d0f56175ac46-16-F","1.CMPD_0000000016:1.CMPD_0000000017","1.CMPD_0000000011"
"68","TRS_0_2_15_0","RR-02-6f706f932a7be63d-16-F","1.MNXM2112","1.CMPD_0000000017"
"68","TRS_0_2_22_0","RR-02-2c5adf38018ea563-16-F","1.CMPD_0000000027:1.CMPD_0000000028","1.CMPD_0000000016"
"68","TRS_0_3_26_0","RR-02-020469d93c1a9a15-16-F,RR-02-c0ecd6669d521fb9-16-F","1.CMPD_0000000037:1.MNXM331","1.CMPD_0000000027"
"68","TRS_0_3_33_0","RR-02-54a6324582be876b-16-F","1.CMPD_0000000039:1.MNXM159:1.MNXM729302","1.CMPD_0000000028"
"68","TRS_0_4_136_0","RR-02-2c05286d9ea598c2-16-F,RR-02-cf289ac7cbd43984-16-F","1.MNXM1103936:1.MNXM331","1.CMPD_0000000037"
"68","TRS_0_4_217_0","RR-02-fad25e6f338e6155-16-F","1.MNXM1102072:1.MNXM741485","1.CMPD_0000000039"
"69","TRS_0_0_5_0","RR-02-8aa509e8203cfa4e-16-F,RR-02-e36404262efe554a-16-F","1.CMPD_0000000011:1.MNXM26","1.TARGET_0000000001"
"69","TRS_0_1_2_0","RR-02-b447d0f56175ac46-16-F","1.CMPD_0000000016:1.CMPD_0000000017","1.CMPD_0000000011"
"69","TRS_0_2_15_0","RR-02-6f706f932a7be63d-16-F","1.MNXM2112","1.CMPD_0000000017"
"69","TRS_0_2_22_0","RR-02-2c5adf38018ea563-16-F","1.CMPD_0000000027:1.CMPD_0000000028","1.CMPD_0000000016"
"69","TRS_0_3_26_0","RR-02-020469d93c1a9a15-16-F,RR-02-c0ecd6669d521fb9-16-F","1.CMPD_0000000037:1.MNXM331","1.CMPD_0000000027"
"69","TRS_0_3_33_0","RR-02-54a6324582be876b-16-F","1.CMPD_0000000039:1.MNXM159:1.MNXM729302","1.CMPD_0000000028"
"69","TRS_0_4_136_0","RR-02-2c05286d9ea598c2-16-F,RR-02-cf289ac7cbd43984-16-F","1.MNXM1103936:1.MNXM331","1.CMPD_0000000037"
"69","TRS_0_4_220_0","RR-02-818f9be6f685c457-16-F","1.MNXM729799:1.MNXM741485","1.CMPD_0000000039"
"70","TRS_0_0_5_0","RR-02-8aa509e8203cfa4e-16-F,RR-02-e36404262efe554a-16-F","1.CMPD_0000000011:1.MNXM26","1.TARGET_0000000001"
"70","TRS_0_1_2_0","RR-02-b447d0f56175ac46-16-F","1.CMPD_0000000016:1.CMPD_0000000017","1.CMPD_0000000011"
"70","TRS_0_2_19_0","RR-02-3efe0d21e8950861-16-F","1.MNXM76","1.CMPD_0000000017"
"70","TRS_0_2_22_0","RR-02-2c5adf38018ea563-16-F","1.CMPD_0000000027:1.CMPD_0000000028","1.CMPD_0000000016"
"70","TRS_0_3_26_0","RR-02-020469d93c1a9a15-16-F,RR-02-c0ecd6669d521fb9-16-F","1.CMPD_0000000037:1.MNXM331","1.CMPD_0000000027"
"70","TRS_0_3_33_0","RR-02-54a6324582be876b-16-F","1.CMPD_0000000039:1.MNXM159:1.MNXM729302","1.CMPD_0000000028"
"70","TRS_0_4_136_0","RR-02-2c05286d9ea598c2-16-F,RR-02-cf289ac7cbd43984-16-F","1.MNXM1103936:1.MNXM331","1.CMPD_0000000037"
"70","TRS_0_4_217_0","RR-02-fad25e6f338e6155-16-F","1.MNXM1102072:1.MNXM741485","1.CMPD_0000000039"
"71","TRS_0_0_5_0","RR-02-8aa509e8203cfa4e-16-F,RR-02-e36404262efe554a-16-F","1.CMPD_0000000011:1.MNXM26","1.TARGET_0000000001"
"71","TRS_0_1_2_0","RR-02-b447d0f56175ac46-16-F","1.CMPD_0000000016:1.CMPD_0000000017","1.CMPD_0000000011"
"71","TRS_0_2_19_0","RR-02-3efe0d21e8950861-16-F","1.MNXM76","1.CMPD_0000000017"
"71","TRS_0_2_22_0","RR-02-2c5adf38018ea563-16-F","1.CMPD_0000000027:1.CMPD_0000000028","1.CMPD_0000000016"
"71","TRS_0_3_26_0","RR-02-020469d93c1a9a15-16-F,RR-02-c0ecd6669d521fb9-16-F","1.CMPD_0000000037:1.MNXM331","1.CMPD_0000000027"
"71","TRS_0_3_33_0","RR-02-54a6324582be876b-16-F","1.CMPD_0000000039:1.MNXM159:1.MNXM729302","1.CMPD_0000000028"
"71","TRS_0_4_136_0","RR-02-2c05286d9ea598c2-16-F,RR-02-cf289ac7cbd43984-16-F","1.MNXM1103936:1.MNXM331","1.CMPD_0000000037"
"71","TRS_0_4_220_0","RR-02-818f9be6f685c457-16-F","1.MNXM729799:1.MNXM741485","1.CMPD_0000000039"
"72","TRS_0_0_5_0","RR-02-8aa509e8203cfa4e-16-F,RR-02-e36404262efe554a-16-F","1.CMPD_0000000011:1.MNXM26","1.TARGET_0000000001"
"72","TRS_0_1_2_0","RR-02-b447d0f56175ac46-16-F","1.CMPD_0000000016:1.CMPD_0000000017","1.CMPD_0000000011"
"72","TRS_0_2_20_0","RR-02-00644e6ecc5dbcdc-16-F","1.MNXM741553","1.CMPD_0000000017"
"72","TRS_0_2_22_0","RR-02-2c5adf38018ea563-16-F","1.CMPD_0000000027:1.CMPD_0000000028","1.CMPD_0000000016"
"72","TRS_0_3_26_0","RR-02-020469d93c1a9a15-16-F,RR-02-c0ecd6669d521fb9-16-F","1.CMPD_0000000037:1.MNXM331","1.CMPD_0000000027"
"72","TRS_0_3_33_0","RR-02-54a6324582be876b-16-F","1.CMPD_0000000039:1.MNXM159:1.MNXM729302","1.CMPD_0000000028"
"72","TRS_0_4_136_0","RR-02-2c05286d9ea598c2-16-F,RR-02-cf289ac7cbd43984-16-F","1.MNXM1103936:1.MNXM331","1.CMPD_0000000037"
"72","TRS_0_4_217_0","RR-02-fad25e6f338e6155-16-F","1.MNXM1102072:1.MNXM741485","1.CMPD_0000000039"
"73","TRS_0_0_5_0","RR-02-8aa509e8203cfa4e-16-F,RR-02-e36404262efe554a-16-F","1.CMPD_0000000011:1.MNXM26","1.TARGET_0000000001"
"73","TRS_0_1_2_0","RR-02-b447d0f56175ac46-16-F","1.CMPD_0000000016:1.CMPD_0000000017","1.CMPD_0000000011"
"73","TRS_0_2_20_0","RR-02-00644e6ecc5dbcdc-16-F","1.MNXM741553","1.CMPD_0000000017"
"73","TRS_0_2_22_0","RR-02-2c5adf38018ea563-16-F","1.CMPD_0000000027:1.CMPD_0000000028","1.CMPD_0000000016"
"73","TRS_0_3_26_0","RR-02-020469d93c1a9a15-16-F,RR-02-c0ecd6669d521fb9-16-F","1.CMPD_0000000037:1.MNXM331","1.CMPD_0000000027"
"73","TRS_0_3_33_0","RR-02-54a6324582be876b-16-F","1.CMPD_0000000039:1.MNXM159:1.MNXM729302","1.CMPD_0000000028"
"73","TRS_0_4_136_0","RR-02-2c05286d9ea598c2-16-F,RR-02-cf289ac7cbd43984-16-F","1.MNXM1103936:1.MNXM331","1.CMPD_0000000037"
"73","TRS_0_4_220_0","RR-02-818f9be6f685c457-16-F","1.MNXM729799:1.MNXM741485","1.CMPD_0000000039"
"74","TRS_0_0_5_0","RR-02-8aa509e8203cfa4e-16-F,RR-02-e36404262efe554a-16-F","1.CMPD_0000000011:1.MNXM26","1.TARGET_0000000001"
"74","TRS_0_1_2_0","RR-02-b447d0f56175ac46-16-F","1.CMPD_0000000016:1.CMPD_0000000017","1.CMPD_0000000011"
"74","TRS_0_2_4_0","RR-02-2273ef0ef17e3e4e-16-F","1.MNXM694","1.CMPD_0000000017"
"74","TRS_0_2_22_0","RR-02-2c5adf38018ea563-16-F","1.CMPD_0000000027:1.CMPD_0000000028","1.CMPD_0000000016"
"74","TRS_0_3_26_0","RR-02-020469d93c1a9a15-16-F,RR-02-c0ecd6669d521fb9-16-F","1.CMPD_0000000037:1.MNXM331","1.CMPD_0000000027"
"74","TRS_0_3_33_0","RR-02-54a6324582be876b-16-F","1.CMPD_0000000039:1.MNXM159:1.MNXM729302","1.CMPD_0000000028"
"74","TRS_0_4_136_0","RR-02-2c05286d9ea598c2-16-F,RR-02-cf289ac7cbd43984-16-F","1.MNXM1103936:1.MNXM331","1.CMPD_0000000037"
"74","TRS_0_4_217_0","RR-02-fad25e6f338e6155-16-F","1.MNXM1102072:1.MNXM741485","1.CMPD_0000000039"
"75","TRS_0_0_5_0","RR-02-8aa509e8203cfa4e-16-F,RR-02-e36404262efe554a-16-F","1.CMPD_0000000011:1.MNXM26","1.TARGET_0000000001"
"75","TRS_0_1_2_0","RR-02-b447d0f56175ac46-16-F","1.CMPD_0000000016:1.CMPD_0000000017","1.CMPD_0000000011"
"75","TRS_0_2_4_0","RR-02-2273ef0ef17e3e4e-16-F","1.MNXM694","1.CMPD_0000000017"
"75","TRS_0_2_22_0","RR-02-2c5adf38018ea563-16-F","1.CMPD_0000000027:1.CMPD_0000000028","1.CMPD_0000000016"
"75","TRS_0_3_26_0","RR-02-020469d93c1a9a15-16-F,RR-02-c0ecd6669d521fb9-16-F","1.CMPD_0000000037:1.MNXM331","1.CMPD_0000000027"
"75","TRS_0_3_33_0","RR-02-54a6324582be876b-16-F","1.CMPD_0000000039:1.MNXM159:1.MNXM729302","1.CMPD_0000000028"
"75","TRS_0_4_136_0","RR-02-2c05286d9ea598c2-16-F,RR-02-cf289ac7cbd43984-16-F","1.MNXM1103936:1.MNXM331","1.CMPD_0000000037"
"75","TRS_0_4_220_0","RR-02-818f9be6f685c457-16-F","1.MNXM729799:1.MNXM741485","1.CMPD_0000000039"
"76","TRS_0_0_5_0","RR-02-8aa509e8203cfa4e-16-F,RR-02-e36404262efe554a-16-F","1.CMPD_0000000011:1.MNXM26","1.TARGET_0000000001"
"76","TRS_0_1_2_0","RR-02-b447d0f56175ac46-16-F","1.CMPD_0000000016:1.CMPD_0000000017","1.CMPD_0000000011"
"76","TRS_0_2_22_0","RR-02-2c5adf38018ea563-16-F","1.CMPD_0000000027:1.CMPD_0000000028","1.CMPD_0000000016"
"76","TRS_0_2_5_0","RR-02-60d5d3c666b1a383-16-F,RR-02-94d0a6339107509a-16-F","1.CMPD_0000000036","1.CMPD_0000000017"
"76","TRS_0_3_26_0","RR-02-020469d93c1a9a15-16-F,RR-02-c0ecd6669d521fb9-16-F","1.CMPD_0000000037:1.MNXM331","1.CMPD_0000000027"
"76","TRS_0_3_33_0","RR-02-54a6324582be876b-16-F","1.CMPD_0000000039:1.MNXM159:1.MNXM729302","1.CMPD_0000000028"
"76","TRS_0_3_45_0","RR-02-0953a7e344b5b961-16-F","1.MNXM13:1.MNXM282","1.CMPD_0000000036"
"76","TRS_0_4_136_0","RR-02-2c05286d9ea598c2-16-F,RR-02-cf289ac7cbd43984-16-F","1.MNXM1103936:1.MNXM331","1.CMPD_0000000037"
"76","TRS_0_4_217_0","RR-02-fad25e6f338e6155-16-F","1.MNXM1102072:1.MNXM741485","1.CMPD_0000000039"
"77","TRS_0_0_5_0","RR-02-8aa509e8203cfa4e-16-F,RR-02-e36404262efe554a-16-F","1.CMPD_0000000011:1.MNXM26","1.TARGET_0000000001"
"77","TRS_0_1_2_0","RR-02-b447d0f56175ac46-16-F","1.CMPD_0000000016:1.CMPD_0000000017","1.CMPD_0000000011"
"77","TRS_0_2_22_0","RR-02-2c5adf38018ea563-16-F","1.CMPD_0000000027:1.CMPD_0000000028","1.CMPD_0000000016"
"77","TRS_0_2_5_0","RR-02-60d5d3c666b1a383-16-F,RR-02-94d0a6339107509a-16-F","1.CMPD_0000000036","1.CMPD_0000000017"
"77","TRS_0_3_26_0","RR-02-020469d93c1a9a15-16-F,RR-02-c0ecd6669d521fb9-16-F","1.CMPD_0000000037:1.MNXM331","1.CMPD_0000000027"
"77","TRS_0_3_33_0","RR-02-54a6324582be876b-16-F","1.CMPD_0000000039:1.MNXM159:1.MNXM729302","1.CMPD_0000000028"
"77","TRS_0_3_45_0","RR-02-0953a7e344b5b961-16-F","1.MNXM13:1.MNXM282","1.CMPD_0000000036"
"77","TRS_0_4_136_0","RR-02-2c05286d9ea598c2-16-F,RR-02-cf289ac7cbd43984-16-F","1.MNXM1103936:1.MNXM331","1.CMPD_0000000037"
"77","TRS_0_4_220_0","RR-02-818f9be6f685c457-16-F","1.MNXM729799:1.MNXM741485","1.CMPD_0000000039"
"78","TRS_0_0_5_0","RR-02-8aa509e8203cfa4e-16-F,RR-02-e36404262efe554a-16-F","1.CMPD_0000000011:1.MNXM26","1.TARGET_0000000001"
"78","TRS_0_1_2_0","RR-02-b447d0f56175ac46-16-F","1.CMPD_0000000016:1.CMPD_0000000017","1.CMPD_0000000011"
"78","TRS_0_2_22_0","RR-02-2c5adf38018ea563-16-F","1.CMPD_0000000027:1.CMPD_0000000028","1.CMPD_0000000016"
"78","TRS_0_2_5_0","RR-02-60d5d3c666b1a383-16-F,RR-02-94d0a6339107509a-16-F","1.CMPD_0000000036","1.CMPD_0000000017"
"78","TRS_0_3_26_0","RR-02-020469d93c1a9a15-16-F,RR-02-c0ecd6669d521fb9-16-F","1.CMPD_0000000037:1.MNXM331","1.CMPD_0000000027"
"78","TRS_0_3_33_0","RR-02-54a6324582be876b-16-F","1.CMPD_0000000039:1.MNXM159:1.MNXM729302","1.CMPD_0000000028"
"78","TRS_0_3_46_0","RR-02-f1757e1e8a92aa5e-16-F","1.MNXM1108288:1.MNXM735437","1.CMPD_0000000036"
"78","TRS_0_4_136_0","RR-02-2c05286d9ea598c2-16-F,RR-02-cf289ac7cbd43984-16-F","1.MNXM1103936:1.MNXM331","1.CMPD_0000000037"
"78","TRS_0_4_217_0","RR-02-fad25e6f338e6155-16-F","1.MNXM1102072:1.MNXM741485","1.CMPD_0000000039"
"79","TRS_0_0_5_0","RR-02-8aa509e8203cfa4e-16-F,RR-02-e36404262efe554a-16-F","1.CMPD_0000000011:1.MNXM26","1.TARGET_0000000001"
"79","TRS_0_1_2_0","RR-02-b447d0f56175ac46-16-F","1.CMPD_0000000016:1.CMPD_0000000017","1.CMPD_0000000011"
"79","TRS_0_2_22_0","RR-02-2c5adf38018ea563-16-F","1.CMPD_0000000027:1.CMPD_0000000028","1.CMPD_0000000016"
"79","TRS_0_2_5_0","RR-02-60d5d3c666b1a383-16-F,RR-02-94d0a6339107509a-16-F","1.CMPD_0000000036","1.CMPD_0000000017"
"79","TRS_0_3_26_0","RR-02-020469d93c1a9a15-16-F,RR-02-c0ecd6669d521fb9-16-F","1.CMPD_0000000037:1.MNXM331","1.CMPD_0000000027"
"79","TRS_0_3_33_0","RR-02-54a6324582be876b-16-F","1.CMPD_0000000039:1.MNXM159:1.MNXM729302","1.CMPD_0000000028"
"79","TRS_0_3_46_0","RR-02-f1757e1e8a92aa5e-16-F","1.MNXM1108288:1.MNXM735437","1.CMPD_0000000036"
"79","TRS_0_4_136_0","RR-02-2c05286d9ea598c2-16-F,RR-02-cf289ac7cbd43984-16-F","1.MNXM1103936:1.MNXM331","1.CMPD_0000000037"
"79","TRS_0_4_220_0","RR-02-818f9be6f685c457-16-F","1.MNXM729799:1.MNXM741485","1.CMPD_0000000039"
"80","TRS_0_0_5_0","RR-02-8aa509e8203cfa4e-16-F,RR-02-e36404262efe554a-16-F","1.CMPD_0000000011:1.MNXM26","1.TARGET_0000000001"
"80","TRS_0_1_2_0","RR-02-b447d0f56175ac46-16-F","1.CMPD_0000000016:1.CMPD_0000000017","1.CMPD_0000000011"
"80","TRS_0_2_22_0","RR-02-2c5adf38018ea563-16-F","1.CMPD_0000000027:1.CMPD_0000000028","1.CMPD_0000000016"
"80","TRS_0_2_5_0","RR-02-60d5d3c666b1a383-16-F,RR-02-94d0a6339107509a-16-F","1.CMPD_0000000036","1.CMPD_0000000017"
"80","TRS_0_3_26_0","RR-02-020469d93c1a9a15-16-F,RR-02-c0ecd6669d521fb9-16-F","1.CMPD_0000000037:1.MNXM331","1.CMPD_0000000027"
"80","TRS_0_3_33_0","RR-02-54a6324582be876b-16-F","1.CMPD_0000000039:1.MNXM159:1.MNXM729302","1.CMPD_0000000028"
"80","TRS_0_3_48_0","RR-02-16e1c71cc62727b4-16-F","1.MNXM23:1.MNXM726339:1.MNXM729302","1.CMPD_0000000036"
"80","TRS_0_4_136_0","RR-02-2c05286d9ea598c2-16-F,RR-02-cf289ac7cbd43984-16-F","1.MNXM1103936:1.MNXM331","1.CMPD_0000000037"
"80","TRS_0_4_217_0","RR-02-fad25e6f338e6155-16-F","1.MNXM1102072:1.MNXM741485","1.CMPD_0000000039"
"81","TRS_0_0_5_0","RR-02-8aa509e8203cfa4e-16-F,RR-02-e36404262efe554a-16-F","1.CMPD_0000000011:1.MNXM26","1.TARGET_0000000001"
"81","TRS_0_1_2_0","RR-02-b447d0f56175ac46-16-F","1.CMPD_0000000016:1.CMPD_0000000017","1.CMPD_0000000011"
"81","TRS_0_2_22_0","RR-02-2c5adf38018ea563-16-F","1.CMPD_0000000027:1.CMPD_0000000028","1.CMPD_0000000016"
"81","TRS_0_2_5_0","RR-02-60d5d3c666b1a383-16-F,RR-02-94d0a6339107509a-16-F","1.CMPD_0000000036","1.CMPD_0000000017"
"81","TRS_0_3_26_0","RR-02-020469d93c1a9a15-16-F,RR-02-c0ecd6669d521fb9-16-F","1.CMPD_0000000037:1.MNXM331","1.CMPD_0000000027"
"81","TRS_0_3_33_0","RR-02-54a6324582be876b-16-F","1.CMPD_0000000039:1.MNXM159:1.MNXM729302","1.CMPD_0000000028"
"81","TRS_0_3_48_0","RR-02-16e1c71cc62727b4-16-F","1.MNXM23:1.MNXM726339:1.MNXM729302","1.CMPD_0000000036"
"81","TRS_0_4_136_0","RR-02-2c05286d9ea598c2-16-F,RR-02-cf289ac7cbd43984-16-F","1.MNXM1103936:1.MNXM331","1.CMPD_0000000037"
"81","TRS_0_4_220_0","RR-02-818f9be6f685c457-16-F","1.MNXM729799:1.MNXM741485","1.CMPD_0000000039"
"82","TRS_0_0_5_0","RR-02-8aa509e8203cfa4e-16-F,RR-02-e36404262efe554a-16-F","1.CMPD_0000000011:1.MNXM26","1.TARGET_0000000001"
"82","TRS_0_1_2_0","RR-02-b447d0f56175ac46-16-F","1.CMPD_0000000016:1.CMPD_0000000017","1.CMPD_0000000011"
"82","TRS_0_2_22_0","RR-02-2c5adf38018ea563-16-F","1.CMPD_0000000027:1.CMPD_0000000028","1.CMPD_0000000016"
"82","TRS_0_2_5_0","RR-02-60d5d3c666b1a383-16-F,RR-02-94d0a6339107509a-16-F","1.CMPD_0000000036","1.CMPD_0000000017"
"82","TRS_0_3_26_0","RR-02-020469d93c1a9a15-16-F,RR-02-c0ecd6669d521fb9-16-F","1.CMPD_0000000037:1.MNXM331","1.CMPD_0000000027"
"82","TRS_0_3_33_0","RR-02-54a6324582be876b-16-F","1.CMPD_0000000039:1.MNXM159:1.MNXM729302","1.CMPD_0000000028"
"82","TRS_0_3_51_0","RR-02-b738a3ecaf49e6b9-16-F","1.MNXM1094062:1.MNXM726339","1.CMPD_0000000036"
"82","TRS_0_4_136_0","RR-02-2c05286d9ea598c2-16-F,RR-02-cf289ac7cbd43984-16-F","1.MNXM1103936:1.MNXM331","1.CMPD_0000000037"
"82","TRS_0_4_217_0","RR-02-fad25e6f338e6155-16-F","1.MNXM1102072:1.MNXM741485","1.CMPD_0000000039"
"83","TRS_0_0_5_0","RR-02-8aa509e8203cfa4e-16-F,RR-02-e36404262efe554a-16-F","1.CMPD_0000000011:1.MNXM26","1.TARGET_0000000001"
"83","TRS_0_1_2_0","RR-02-b447d0f56175ac46-16-F","1.CMPD_0000000016:1.CMPD_0000000017","1.CMPD_0000000011"
"83","TRS_0_2_22_0","RR-02-2c5adf38018ea563-16-F","1.CMPD_0000000027:1.CMPD_0000000028","1.CMPD_0000000016"
"83","TRS_0_2_5_0","RR-02-60d5d3c666b1a383-16-F,RR-02-94d0a6339107509a-16-F","1.CMPD_0000000036","1.CMPD_0000000017"
"83","TRS_0_3_26_0","RR-02-020469d93c1a9a15-16-F,RR-02-c0ecd6669d521fb9-16-F","1.CMPD_0000000037:1.MNXM331","1.CMPD_0000000027"
"83","TRS_0_3_33_0","RR-02-54a6324582be876b-16-F","1.CMPD_0000000039:1.MNXM159:1.MNXM729302","1.CMPD_0000000028"
"83","TRS_0_3_51_0","RR-02-b738a3ecaf49e6b9-16-F","1.MNXM1094062:1.MNXM726339","1.CMPD_0000000036"
"83","TRS_0_4_136_0","RR-02-2c05286d9ea598c2-16-F,RR-02-cf289ac7cbd43984-16-F","1.MNXM1103936:1.MNXM331","1.CMPD_0000000037"
"83","TRS_0_4_220_0","RR-02-818f9be6f685c457-16-F","1.MNXM729799:1.MNXM741485","1.CMPD_0000000039"
"84","TRS_0_0_5_0","RR-02-8aa509e8203cfa4e-16-F,RR-02-e36404262efe554a-16-F","1.CMPD_0000000011:1.MNXM26","1.TARGET_0000000001"
"84","TRS_0_1_2_0","RR-02-b447d0f56175ac46-16-F","1.CMPD_0000000016:1.CMPD_0000000017","1.CMPD_0000000011"
"84","TRS_0_2_22_0","RR-02-2c5adf38018ea563-16-F","1.CMPD_0000000027:1.CMPD_0000000028","1.CMPD_0000000016"
"84","TRS_0_2_5_0","RR-02-60d5d3c666b1a383-16-F,RR-02-94d0a6339107509a-16-F","1.CMPD_0000000036","1.CMPD_0000000017"
"84","TRS_0_3_26_0","RR-02-020469d93c1a9a15-16-F,RR-02-c0ecd6669d521fb9-16-F","1.CMPD_0000000037:1.MNXM331","1.CMPD_0000000027"
"84","TRS_0_3_33_0","RR-02-54a6324582be876b-16-F","1.CMPD_0000000039:1.MNXM159:1.MNXM729302","1.CMPD_0000000028"
"84","TRS_0_3_52_0","RR-02-96473f80ec202a80-16-F","1.MNXM02:1.MNXM1108288","1.CMPD_0000000036"
"84","TRS_0_4_136_0","RR-02-2c05286d9ea598c2-16-F,RR-02-cf289ac7cbd43984-16-F","1.MNXM1103936:1.MNXM331","1.CMPD_0000000037"
"84","TRS_0_4_217_0","RR-02-fad25e6f338e6155-16-F","1.MNXM1102072:1.MNXM741485","1.CMPD_0000000039"
"85","TRS_0_0_5_0","RR-02-8aa509e8203cfa4e-16-F,RR-02-e36404262efe554a-16-F","1.CMPD_0000000011:1.MNXM26","1.TARGET_0000000001"
"85","TRS_0_1_2_0","RR-02-b447d0f56175ac46-16-F","1.CMPD_0000000016:1.CMPD_0000000017","1.CMPD_0000000011"
"85","TRS_0_2_22_0","RR-02-2c5adf38018ea563-16-F","1.CMPD_0000000027:1.CMPD_0000000028","1.CMPD_0000000016"
"85","TRS_0_2_5_0","RR-02-60d5d3c666b1a383-16-F,RR-02-94d0a6339107509a-16-F","1.CMPD_0000000036","1.CMPD_0000000017"
"85","TRS_0_3_26_0","RR-02-020469d93c1a9a15-16-F,RR-02-c0ecd6669d521fb9-16-F","1.CMPD_0000000037:1.MNXM331","1.CMPD_0000000027"
"85","TRS_0_3_33_0","RR-02-54a6324582be876b-16-F","1.CMPD_0000000039:1.MNXM159:1.MNXM729302","1.CMPD_0000000028"
"85","TRS_0_3_52_0","RR-02-96473f80ec202a80-16-F","1.MNXM02:1.MNXM1108288","1.CMPD_0000000036"
"85","TRS_0_4_136_0","RR-02-2c05286d9ea598c2-16-F,RR-02-cf289ac7cbd43984-16-F","1.MNXM1103936:1.MNXM331","1.CMPD_0000000037"
"85","TRS_0_4_220_0","RR-02-818f9be6f685c457-16-F","1.MNXM729799:1.MNXM741485","1.CMPD_0000000039"
"86","TRS_0_0_5_0","RR-02-8aa509e8203cfa4e-16-F,RR-02-e36404262efe554a-16-F","1.CMPD_0000000011:1.MNXM26","1.TARGET_0000000001"
"86","TRS_0_1_2_0","RR-02-b447d0f56175ac46-16-F","1.CMPD_0000000016:1.CMPD_0000000017","1.CMPD_0000000011"
"86","TRS_0_2_22_0","RR-02-2c5adf38018ea563-16-F","1.CMPD_0000000027:1.CMPD_0000000028","1.CMPD_0000000016"
"86","TRS_0_2_5_0","RR-02-60d5d3c666b1a383-16-F,RR-02-94d0a6339107509a-16-F","1.CMPD_0000000036","1.CMPD_0000000017"
"86","TRS_0_3_26_0","RR-02-020469d93c1a9a15-16-F,RR-02-c0ecd6669d521fb9-16-F","1.CMPD_0000000037:1.MNXM331","1.CMPD_0000000027"
"86","TRS_0_3_33_0","RR-02-54a6324582be876b-16-F","1.CMPD_0000000039:1.MNXM159:1.MNXM729302","1.CMPD_0000000028"
"86","TRS_0_3_53_0","RR-02-b6b113657ee334a8-16-F","1.MNXM2112:1.MNXM726339","1.CMPD_0000000036"
"86","TRS_0_4_136_0","RR-02-2c05286d9ea598c2-16-F,RR-02-cf289ac7cbd43984-16-F","1.MNXM1103936:1.MNXM331","1.CMPD_0000000037"
"86","TRS_0_4_217_0","RR-02-fad25e6f338e6155-16-F","1.MNXM1102072:1.MNXM741485","1.CMPD_0000000039"
"87","TRS_0_0_5_0","RR-02-8aa509e8203cfa4e-16-F,RR-02-e36404262efe554a-16-F","1.CMPD_0000000011:1.MNXM26","1.TARGET_0000000001"
"87","TRS_0_1_2_0","RR-02-b447d0f56175ac46-16-F","1.CMPD_0000000016:1.CMPD_0000000017","1.CMPD_0000000011"
"87","TRS_0_2_22_0","RR-02-2c5adf38018ea563-16-F","1.CMPD_0000000027:1.CMPD_0000000028","1.CMPD_0000000016"
"87","TRS_0_2_5_0","RR-02-60d5d3c666b1a383-16-F,RR-02-94d0a6339107509a-16-F","1.CMPD_0000000036","1.CMPD_0000000017"
"87","TRS_0_3_26_0","RR-02-020469d93c1a9a15-16-F,RR-02-c0ecd6669d521fb9-16-F","1.CMPD_0000000037:1.MNXM331","1.CMPD_0000000027"
"87","TRS_0_3_33_0","RR-02-54a6324582be876b-16-F","1.CMPD_0000000039:1.MNXM159:1.MNXM729302","1.CMPD_0000000028"
"87","TRS_0_3_53_0","RR-02-b6b113657ee334a8-16-F","1.MNXM2112:1.MNXM726339","1.CMPD_0000000036"
"87","TRS_0_4_136_0","RR-02-2c05286d9ea598c2-16-F,RR-02-cf289ac7cbd43984-16-F","1.MNXM1103936:1.MNXM331","1.CMPD_0000000037"
"87","TRS_0_4_220_0","RR-02-818f9be6f685c457-16-F","1.MNXM729799:1.MNXM741485","1.CMPD_0000000039"
"88","TRS_0_0_5_0","RR-02-8aa509e8203cfa4e-16-F,RR-02-e36404262efe554a-16-F","1.CMPD_0000000011:1.MNXM26","1.TARGET_0000000001"
"88","TRS_0_1_2_0","RR-02-b447d0f56175ac46-16-F","1.CMPD_0000000016:1.CMPD_0000000017","1.CMPD_0000000011"
"88","TRS_0_2_22_0","RR-02-2c5adf38018ea563-16-F","1.CMPD_0000000027:1.CMPD_0000000028","1.CMPD_0000000016"
"88","TRS_0_2_3_0","RR-02-16ea84c5c88b2d70-16-F","1.CMPD_0000000034","1.CMPD_0000000017"
"88","TRS_0_3_26_0","RR-02-020469d93c1a9a15-16-F,RR-02-c0ecd6669d521fb9-16-F","1.CMPD_0000000037:1.MNXM331","1.CMPD_0000000027"
"88","TRS_0_3_33_0","RR-02-54a6324582be876b-16-F","1.CMPD_0000000039:1.MNXM159:1.MNXM729302","1.CMPD_0000000028"
"88","TRS_0_3_41_0","RR-02-69eb347e8695625a-16-F","1.MNXM23:1.MNXM729302:1.MNXM735978","1.CMPD_0000000034"
"88","TRS_0_4_136_0","RR-02-2c05286d9ea598c2-16-F,RR-02-cf289ac7cbd43984-16-F","1.MNXM1103936:1.MNXM331","1.CMPD_0000000037"
"88","TRS_0_4_217_0","RR-02-fad25e6f338e6155-16-F","1.MNXM1102072:1.MNXM741485","1.CMPD_0000000039"
"89","TRS_0_0_5_0","RR-02-8aa509e8203cfa4e-16-F,RR-02-e36404262efe554a-16-F","1.CMPD_0000000011:1.MNXM26","1.TARGET_0000000001"
"89","TRS_0_1_2_0","RR-02-b447d0f56175ac46-16-F","1.CMPD_0000000016:1.CMPD_0000000017","1.CMPD_0000000011"
"89","TRS_0_2_22_0","RR-02-2c5adf38018ea563-16-F","1.CMPD_0000000027:1.CMPD_0000000028","1.CMPD_0000000016"
"89","TRS_0_2_3_0","RR-02-16ea84c5c88b2d70-16-F","1.CMPD_0000000034","1.CMPD_0000000017"
"89","TRS_0_3_26_0","RR-02-020469d93c1a9a15-16-F,RR-02-c0ecd6669d521fb9-16-F","1.CMPD_0000000037:1.MNXM331","1.CMPD_0000000027"
"89","TRS_0_3_33_0","RR-02-54a6324582be876b-16-F","1.CMPD_0000000039:1.MNXM159:1.MNXM729302","1.CMPD_0000000028"
"89","TRS_0_3_41_0","RR-02-69eb347e8695625a-16-F","1.MNXM23:1.MNXM729302:1.MNXM735978","1.CMPD_0000000034"
"89","TRS_0_4_136_0","RR-02-2c05286d9ea598c2-16-F,RR-02-cf289ac7cbd43984-16-F","1.MNXM1103936:1.MNXM331","1.CMPD_0000000037"
"89","TRS_0_4_220_0","RR-02-818f9be6f685c457-16-F","1.MNXM729799:1.MNXM741485","1.CMPD_0000000039"
"90","TRS_0_0_5_0","RR-02-8aa509e8203cfa4e-16-F,RR-02-e36404262efe554a-16-F","1.CMPD_0000000011:1.MNXM26","1.TARGET_0000000001"
"90","TRS_0_1_2_0","RR-02-b447d0f56175ac46-16-F","1.CMPD_0000000016:1.CMPD_0000000017","1.CMPD_0000000011"
"90","TRS_0_2_22_0","RR-02-2c5adf38018ea563-16-F","1.CMPD_0000000027:1.CMPD_0000000028","1.CMPD_0000000016"
"90","TRS_0_2_3_0","RR-02-16ea84c5c88b2d70-16-F","1.CMPD_0000000034","1.CMPD_0000000017"
"90","TRS_0_3_26_0","RR-02-020469d93c1a9a15-16-F,RR-02-c0ecd6669d521fb9-16-F","1.CMPD_0000000037:1.MNXM331","1.CMPD_0000000027"
"90","TRS_0_3_33_0","RR-02-54a6324582be876b-16-F","1.CMPD_0000000039:1.MNXM159:1.MNXM729302","1.CMPD_0000000028"
"90","TRS_0_3_42_0","RR-02-7acab733b4c2cd2c-16-F","1.MNXM2112:1.MNXM735978","1.CMPD_0000000034"
"90","TRS_0_4_136_0","RR-02-2c05286d9ea598c2-16-F,RR-02-cf289ac7cbd43984-16-F","1.MNXM1103936:1.MNXM331","1.CMPD_0000000037"
"90","TRS_0_4_217_0","RR-02-fad25e6f338e6155-16-F","1.MNXM1102072:1.MNXM741485","1.CMPD_0000000039"
"91","TRS_0_0_5_0","RR-02-8aa509e8203cfa4e-16-F,RR-02-e36404262efe554a-16-F","1.CMPD_0000000011:1.MNXM26","1.TARGET_0000000001"
"91","TRS_0_1_2_0","RR-02-b447d0f56175ac46-16-F","1.CMPD_0000000016:1.CMPD_0000000017","1.CMPD_0000000011"
"91","TRS_0_2_22_0","RR-02-2c5adf38018ea563-16-F","1.CMPD_0000000027:1.CMPD_0000000028","1.CMPD_0000000016"
"91","TRS_0_2_3_0","RR-02-16ea84c5c88b2d70-16-F","1.CMPD_0000000034","1.CMPD_0000000017"
"91","TRS_0_3_26_0","RR-02-020469d93c1a9a15-16-F,RR-02-c0ecd6669d521fb9-16-F","1.CMPD_0000000037:1.MNXM331","1.CMPD_0000000027"
"91","TRS_0_3_33_0","RR-02-54a6324582be876b-16-F","1.CMPD_0000000039:1.MNXM159:1.MNXM729302","1.CMPD_0000000028"
"91","TRS_0_3_42_0","RR-02-7acab733b4c2cd2c-16-F","1.MNXM2112:1.MNXM735978","1.CMPD_0000000034"
"91","TRS_0_4_136_0","RR-02-2c05286d9ea598c2-16-F,RR-02-cf289ac7cbd43984-16-F","1.MNXM1103936:1.MNXM331","1.CMPD_0000000037"
"91","TRS_0_4_220_0","RR-02-818f9be6f685c457-16-F","1.MNXM729799:1.MNXM741485","1.CMPD_0000000039"
"92","TRS_0_0_5_0","RR-02-8aa509e8203cfa4e-16-F,RR-02-e36404262efe554a-16-F","1.CMPD_0000000011:1.MNXM26","1.TARGET_0000000001"
"92","TRS_0_1_2_0","RR-02-b447d0f56175ac46-16-F","1.CMPD_0000000016:1.CMPD_0000000017","1.CMPD_0000000011"
"92","TRS_0_2_22_0","RR-02-2c5adf38018ea563-16-F","1.CMPD_0000000027:1.CMPD_0000000028","1.CMPD_0000000016"
"92","TRS_0_2_3_0","RR-02-16ea84c5c88b2d70-16-F","1.CMPD_0000000034","1.CMPD_0000000017"
"92","TRS_0_3_26_0","RR-02-020469d93c1a9a15-16-F,RR-02-c0ecd6669d521fb9-16-F","1.CMPD_0000000037:1.MNXM331","1.CMPD_0000000027"
"92","TRS_0_3_33_0","RR-02-54a6324582be876b-16-F","1.CMPD_0000000039:1.MNXM159:1.MNXM729302","1.CMPD_0000000028"
"92","TRS_0_3_44_0","RR-02-388ba7460a56d19d-16-F","1.MNXM23:1.MNXM729302","1.CMPD_0000000034"
"92","TRS_0_4_136_0","RR-02-2c05286d9ea598c2-16-F,RR-02-cf289ac7cbd43984-16-F","1.MNXM1103936:1.MNXM331","1.CMPD_0000000037"
"92","TRS_0_4_217_0","RR-02-fad25e6f338e6155-16-F","1.MNXM1102072:1.MNXM741485","1.CMPD_0000000039"
"93","TRS_0_0_5_0","RR-02-8aa509e8203cfa4e-16-F,RR-02-e36404262efe554a-16-F","1.CMPD_0000000011:1.MNXM26","1.TARGET_0000000001"
"93","TRS_0_1_2_0","RR-02-b447d0f56175ac46-16-F","1.CMPD_0000000016:1.CMPD_0000000017","1.CMPD_0000000011"
"93","TRS_0_2_22_0","RR-02-2c5adf38018ea563-16-F","1.CMPD_0000000027:1.CMPD_0000000028","1.CMPD_0000000016"
"93","TRS_0_2_3_0","RR-02-16ea84c5c88b2d70-16-F","1.CMPD_0000000034","1.CMPD_0000000017"
"93","TRS_0_3_26_0","RR-02-020469d93c1a9a15-16-F,RR-02-c0ecd6669d521fb9-16-F","1.CMPD_0000000037:1.MNXM331","1.CMPD_0000000027"
"93","TRS_0_3_33_0","RR-02-54a6324582be876b-16-F","1.CMPD_0000000039:1.MNXM159:1.MNXM729302","1.CMPD_0000000028"
"93","TRS_0_3_44_0","RR-02-388ba7460a56d19d-16-F","1.MNXM23:1.MNXM729302","1.CMPD_0000000034"
"93","TRS_0_4_136_0","RR-02-2c05286d9ea598c2-16-F,RR-02-cf289ac7cbd43984-16-F","1.MNXM1103936:1.MNXM331","1.CMPD_0000000037"
"93","TRS_0_4_220_0","RR-02-818f9be6f685c457-16-F","1.MNXM729799:1.MNXM741485","1.CMPD_0000000039"
"94","TRS_0_0_5_0","RR-02-8aa509e8203cfa4e-16-F,RR-02-e36404262efe554a-16-F","1.CMPD_0000000011:1.MNXM26","1.TARGET_0000000001"
"94","TRS_0_1_2_0","RR-02-b447d0f56175ac46-16-F","1.CMPD_0000000016:1.CMPD_0000000017","1.CMPD_0000000011"
"94","TRS_0_2_1_0","RR-02-86eb6d7da46f18b0-16-F","1.CMPD_0000000021","1.CMPD_0000000017"
"94","TRS_0_2_22_0","RR-02-2c5adf38018ea563-16-F","1.CMPD_0000000027:1.CMPD_0000000028","1.CMPD_0000000016"
"94","TRS_0_3_0_0","RR-02-367ceff6ced9a013-16-F","1.MNXM23:1.MNXM729302","1.CMPD_0000000021"
"94","TRS_0_3_26_0","RR-02-020469d93c1a9a15-16-F,RR-02-c0ecd6669d521fb9-16-F","1.CMPD_0000000037:1.MNXM331","1.CMPD_0000000027"
"94","TRS_0_3_33_0","RR-02-54a6324582be876b-16-F","1.CMPD_0000000039:1.MNXM159:1.MNXM729302","1.CMPD_0000000028"
"94","TRS_0_4_136_0","RR-02-2c05286d9ea598c2-16-F,RR-02-cf289ac7cbd43984-16-F","1.MNXM1103936:1.MNXM331","1.CMPD_0000000037"
"94","TRS_0_4_217_0","RR-02-fad25e6f338e6155-16-F","1.MNXM1102072:1.MNXM741485","1.CMPD_0000000039"
"95","TRS_0_0_5_0","RR-02-8aa509e8203cfa4e-16-F,RR-02-e36404262efe554a-16-F","1.CMPD_0000000011:1.MNXM26","1.TARGET_0000000001"
"95","TRS_0_1_2_0","RR-02-b447d0f56175ac46-16-F","1.CMPD_0000000016:1.CMPD_0000000017","1.CMPD_0000000011"
"95","TRS_0_2_1_0","RR-02-86eb6d7da46f18b0-16-F","1.CMPD_0000000021","1.CMPD_0000000017"
"95","TRS_0_2_22_0","RR-02-2c5adf38018ea563-16-F","1.CMPD_0000000027:1.CMPD_0000000028","1.CMPD_0000000016"
"95","TRS_0_3_0_0","RR-02-367ceff6ced9a013-16-F","1.MNXM23:1.MNXM729302","1.CMPD_0000000021"
"95","TRS_0_3_26_0","RR-02-020469d93c1a9a15-16-F,RR-02-c0ecd6669d521fb9-16-F","1.CMPD_0000000037:1.MNXM331","1.CMPD_0000000027"
"95","TRS_0_3_33_0","RR-02-54a6324582be876b-16-F","1.CMPD_0000000039:1.MNXM159:1.MNXM729302","1.CMPD_0000000028"
"95","TRS_0_4_136_0","RR-02-2c05286d9ea598c2-16-F,RR-02-cf289ac7cbd43984-16-F","1.MNXM1103936:1.MNXM331","1.CMPD_0000000037"
"95","TRS_0_4_220_0","RR-02-818f9be6f685c457-16-F","1.MNXM729799:1.MNXM741485","1.CMPD_0000000039"
"96","TRS_0_0_5_0","RR-02-8aa509e8203cfa4e-16-F,RR-02-e36404262efe554a-16-F","1.CMPD_0000000011:1.MNXM26","1.TARGET_0000000001"
"96","TRS_0_1_2_0","RR-02-b447d0f56175ac46-16-F","1.CMPD_0000000016:1.CMPD_0000000017","1.CMPD_0000000011"
"96","TRS_0_2_2_0","RR-02-696c42e0d62eaf30-16-F","1.CMPD_0000000025","1.CMPD_0000000017"
"96","TRS_0_2_22_0","RR-02-2c5adf38018ea563-16-F","1.CMPD_0000000027:1.CMPD_0000000028","1.CMPD_0000000016"
"96","TRS_0_3_2_0","RR-02-cfc91e4d07fa55d6-16-F","1.MNXM13:1.MNXM23:2.MNXM729302","1.CMPD_0000000025"
"96","TRS_0_3_26_0","RR-02-020469d93c1a9a15-16-F,RR-02-c0ecd6669d521fb9-16-F","1.CMPD_0000000037:1.MNXM331","1.CMPD_0000000027"
"96","TRS_0_3_33_0","RR-02-54a6324582be876b-16-F","1.CMPD_0000000039:1.MNXM159:1.MNXM729302","1.CMPD_0000000028"
"96","TRS_0_4_136_0","RR-02-2c05286d9ea598c2-16-F,RR-02-cf289ac7cbd43984-16-F","1.MNXM1103936:1.MNXM331","1.CMPD_0000000037"
"96","TRS_0_4_217_0","RR-02-fad25e6f338e6155-16-F","1.MNXM1102072:1.MNXM741485","1.CMPD_0000000039"
"97","TRS_0_0_5_0","RR-02-8aa509e8203cfa4e-16-F,RR-02-e36404262efe554a-16-F","1.CMPD_0000000011:1.MNXM26","1.TARGET_0000000001"
"97","TRS_0_1_2_0","RR-02-b447d0f56175ac46-16-F","1.CMPD_0000000016:1.CMPD_0000000017","1.CMPD_0000000011"
"97","TRS_0_2_2_0","RR-02-696c42e0d62eaf30-16-F","1.CMPD_0000000025","1.CMPD_0000000017"
"97","TRS_0_2_22_0","RR-02-2c5adf38018ea563-16-F","1.CMPD_0000000027:1.CMPD_0000000028","1.CMPD_0000000016"
"97","TRS_0_3_2_0","RR-02-cfc91e4d07fa55d6-16-F","1.MNXM13:1.MNXM23:2.MNXM729302","1.CMPD_0000000025"
"97","TRS_0_3_26_0","RR-02-020469d93c1a9a15-16-F,RR-02-c0ecd6669d521fb9-16-F","1.CMPD_0000000037:1.MNXM331","1.CMPD_0000000027"
"97","TRS_0_3_33_0","RR-02-54a6324582be876b-16-F","1.CMPD_0000000039:1.MNXM159:1.MNXM729302","1.CMPD_0000000028"
"97","TRS_0_4_136_0","RR-02-2c05286d9ea598c2-16-F,RR-02-cf289ac7cbd43984-16-F","1.MNXM1103936:1.MNXM331","1.CMPD_0000000037"
"97","TRS_0_4_220_0","RR-02-818f9be6f685c457-16-F","1.MNXM729799:1.MNXM741485","1.CMPD_0000000039"
